"STATION","DATE","LATITUDE","LONGITUDE","ELEVATION","NAME","TEMP","TEMP_ATTRIBUTES","DEWP","DEWP_ATTRIBUTES","SLP","SLP_ATTRIBUTES","STP","STP_ATTRIBUTES","VISIB","VISIB_ATTRIBUTES","WDSP","WDSP_ATTRIBUTES","MXSPD","GUST","MAX","MAX_ATTRIBUTES","MIN","MIN_ATTRIBUTES","PRCP","PRCP_ATTRIBUTES","SNDP","FRSHTT"
"72205012815","2020-01-01","28.41822","-81.32413","27.1","ORLANDO INTERNATIONAL AIRPORT, FL US","  60.2","24","  41.8","24","1018.4","24","014.7","24"," 10.0","24","  4.9","24","  9.9","999.9","  71.1"," ","  53.1"," "," 0.00","G","999.9","000000"
"72205012815","2020-01-02","28.41822","-81.32413","27.1","ORLANDO INTERNATIONAL AIRPORT, FL US","  65.2","24","  51.9","24","1017.9","24","014.3","24"," 10.0","24","  4.7","24"," 12.0","999.9","  82.0"," ","  53.1"," "," 0.00","G","999.9","000000"
"72205012815","2020-01-03","28.41822","-81.32413","27.1","ORLANDO INTERNATIONAL AIRPORT, FL US","  73.1","24","  65.7","24","1016.7","19","013.3","24","  8.2","24","  7.8","24"," 12.0","999.9","  84.9"," ","  54.0"," "," 0.00","G","999.9","100000"
"72205012815","2020-01-04","28.41822","-81.32413","27.1","ORLANDO INTERNATIONAL AIRPORT, FL US","  72.4","24","  67.1","24","1016.6","21","012.9","24","  9.7","24"," 10.0","24"," 18.1"," 31.1","  84.9"," ","  64.9"," "," 0.00","G","999.9","010000"
"72205012815","2020-01-05","28.41822","-81.32413","27.1","ORLANDO INTERNATIONAL AIRPORT, FL US","  57.7","24","  37.9","24","1023.9","24","020.2","24"," 10.0","24"," 10.0","24"," 15.9"," 24.1","  64.9","*","  48.9","*"," 0.41","G","999.9","000000"
"72205012815","2020-01-06","28.41822","-81.32413","27.1","ORLANDO INTERNATIONAL AIRPORT, FL US","  54.9","24","  36.4","24","1024.4","24","020.7","24"," 10.0","24","  2.6","24","  5.1","999.9","  69.1"," ","  45.0"," "," 0.00","G","999.9","000000"
"72205012815","2020-01-07","28.41822","-81.32413","27.1","ORLANDO INTERNATIONAL AIRPORT, FL US","  58.1","24","  43.8","24","1022.1","24","018.5","24","  9.9","24","  3.7","24"," 12.0","999.9","  73.9"," ","  45.0"," "," 0.00","G","999.9","000000"
"72205012815","2020-01-08","28.41822","-81.32413","27.1","ORLANDO INTERNATIONAL AIRPORT, FL US","  59.8","24","  43.4","24","1026.8","24","022.9","24"," 10.0","24","  7.8","24"," 12.0","999.9","  68.0","*","  50.0","*"," 0.00","G","999.9","000000"
"72205012815","2020-01-09","28.41822","-81.32413","27.1","ORLANDO INTERNATIONAL AIRPORT, FL US","  61.6","24","  49.2","24","1030.0","24","026.3","24"," 10.0","24","  9.0","24"," 19.0"," 27.0","  79.0"," ","  48.9"," "," 0.00","G","999.9","000000"
"72205012815","2020-01-10","28.41822","-81.32413","27.1","ORLANDO INTERNATIONAL AIRPORT, FL US","  69.9","24","  58.6","24","1027.9","24","024.2","24"," 10.0","24","  8.3","24"," 15.0"," 22.9","  81.0"," ","  50.0"," "," 0.00","G","999.9","000000"
"72205012815","2020-01-11","28.41822","-81.32413","27.1","ORLANDO INTERNATIONAL AIRPORT, FL US","  75.2","24","  66.5","24","1024.1","18","020.5","24"," 10.0","24","  9.5","24"," 17.1"," 24.1","  84.0"," ","  60.1"," "," 0.00","G","999.9","010000"
"72205012815","2020-01-12","28.41822","-81.32413","27.1","ORLANDO INTERNATIONAL AIRPORT, FL US","  75.0","24","  67.7","24","1024.5","21","020.9","24","  9.1","24","  6.0","24"," 12.0","999.9","  86.0"," ","  66.9"," "," 0.01","G","999.9","010000"
"72205012815","2020-01-13","28.41822","-81.32413","27.1","ORLANDO INTERNATIONAL AIRPORT, FL US","  74.4","24","  64.3","24","1026.5","24","022.8","24","  8.8","24","  7.0","24"," 11.1"," 15.9","  86.0"," ","  66.9"," "," 0.02","G","999.9","000000"
"72205012815","2020-01-14","28.41822","-81.32413","27.1","ORLANDO INTERNATIONAL AIRPORT, FL US","  72.5","24","  65.3","24","1025.3","21","021.8","24","  7.5","24","  4.1","24"," 11.1","999.9","  84.0"," ","  63.0"," "," 0.00","G","999.9","100000"
"72205012815","2020-01-15","28.41822","-81.32413","27.1","ORLANDO INTERNATIONAL AIRPORT, FL US","  74.2","24","  66.3","24","1023.2","24","019.6","24"," 10.0","24","  4.4","24","  9.9","999.9","  82.9"," ","  63.0"," "," 0.00","G","999.9","010000"
"72205012815","2020-01-16","28.41822","-81.32413","27.1","ORLANDO INTERNATIONAL AIRPORT, FL US","  73.4","24","  63.8","24","1024.0","24","020.4","24"," 10.0","24","  4.6","24","  9.9","999.9","  84.0"," ","  64.0"," "," 0.00","G","999.9","000000"
"72205012815","2020-01-17","28.41822","-81.32413","27.1","ORLANDO INTERNATIONAL AIRPORT, FL US","  71.9","24","  59.4","24","1026.2","24","022.6","24"," 10.0","24"," 10.5","24"," 20.0"," 27.0","  84.0"," ","  64.0"," "," 0.00","G","999.9","000000"
"72205012815","2020-01-18","28.41822","-81.32413","27.1","ORLANDO INTERNATIONAL AIRPORT, FL US","  69.3","24","  54.4","24","1027.1","24","023.5","24"," 10.0","24","  9.3","24"," 14.0"," 20.0","  80.1"," ","  62.1"," "," 0.00","G","999.9","000000"
"72205012815","2020-01-19","28.41822","-81.32413","27.1","ORLANDO INTERNATIONAL AIRPORT, FL US","  70.4","24","  59.4","24","1020.5","24","016.9","24"," 10.0","24","  8.4","24"," 12.0"," 15.9","  80.1"," ","  62.1"," "," 0.00","G","999.9","000000"
"72205012815","2020-01-20","28.41822","-81.32413","27.1","ORLANDO INTERNATIONAL AIRPORT, FL US","  60.7","24","  43.2","24","1020.6","21","016.6","24"," 10.0","24","  9.8","24"," 18.1"," 20.0","  80.1"," ","  46.9"," "," 0.00","G","999.9","000000"
"72205012815","2020-01-21","28.41822","-81.32413","27.1","ORLANDO INTERNATIONAL AIRPORT, FL US","  50.1","24","  35.7","24","1022.4","24","018.7","24","  9.6","24"," 13.0","24"," 17.1"," 22.0","  70.0"," ","  44.1"," "," 0.00","G","999.9","000000"
"72205012815","2020-01-22","28.41822","-81.32413","27.1","ORLANDO INTERNATIONAL AIRPORT, FL US","  44.1","24","  29.5","24","1021.2","23","017.4","24","  9.6","24"," 14.8","24"," 20.0"," 26.0","  57.0"," ","  36.0"," "," 0.00","G","999.9","010000"
"72205012815","2020-01-23","28.41822","-81.32413","27.1","ORLANDO INTERNATIONAL AIRPORT, FL US","  58.5","24","  54.0","24","1019.2","20","015.5","24","  5.7","24","  9.3","24"," 14.0"," 19.0","  71.1","*","  53.1","*"," 0.00","G","999.9","010000"
"72205012815","2020-01-24","28.41822","-81.32413","27.1","ORLANDO INTERNATIONAL AIRPORT, FL US","  66.5","24","  59.8","24","1017.0","23","013.4","24","  9.0","24","  5.5","24"," 12.0","999.9","  79.0"," ","  54.0"," "," 0.18","G","999.9","000000"
"72205012815","2020-01-25","28.41822","-81.32413","27.1","ORLANDO INTERNATIONAL AIRPORT, FL US","  65.4","24","  49.6","24","1018.0","24","014.3","24"," 10.0","24","  7.0","24"," 12.0","999.9","  79.0"," ","  57.0"," "," 0.00","G","999.9","000000"
"72205012815","2020-01-26","28.41822","-81.32413","27.1","ORLANDO INTERNATIONAL AIRPORT, FL US","  56.9","24","  39.7","24","1019.3","24","015.5","24"," 10.0","24","  5.1","24","  8.0","999.9","  70.0"," ","  46.0"," "," 0.00","G","999.9","000000"
"72205012815","2020-01-27","28.41822","-81.32413","27.1","ORLANDO INTERNATIONAL AIRPORT, FL US","  61.3","24","  45.2","24","1015.3","24","011.6","24"," 10.0","24","  3.5","24","  8.0","999.9","  73.0"," ","  46.0"," "," 0.00","G","999.9","000000"
"72205012815","2020-01-28","28.41822","-81.32413","27.1","ORLANDO INTERNATIONAL AIRPORT, FL US","  62.7","24","  46.8","24","1014.0","24","010.4","24"," 10.0","24","  8.2","24"," 12.0"," 15.9","  73.0"," ","  54.0"," "," 0.00","G","999.9","010000"
"72205012815","2020-01-29","28.41822","-81.32413","27.1","ORLANDO INTERNATIONAL AIRPORT, FL US","  59.2","24","  47.0","24","1014.7","24","011.0","24"," 10.0","24","  5.8","24"," 11.1","999.9","  75.9"," ","  48.9"," "," 0.00","G","999.9","010000"
"72205012815","2020-01-30","28.41822","-81.32413","27.1","ORLANDO INTERNATIONAL AIRPORT, FL US","  63.2","24","  55.5","24","1012.8","19","009.2","24","  8.7","24","  7.7","24"," 15.0"," 21.0","  75.9"," ","  48.9"," "," 0.00","G","999.9","010000"
"72205012815","2020-01-31","28.41822","-81.32413","27.1","ORLANDO INTERNATIONAL AIRPORT, FL US","  64.6","24","  57.5","24","1016.5","24","012.9","24"," 10.0","24","  5.6","24"," 11.1","999.9","  75.9"," ","  55.0"," "," 0.00","G","999.9","010000"
"72205012815","2020-02-01","28.41822","-81.32413","27.1","ORLANDO INTERNATIONAL AIRPORT, FL US","  63.7","24","  59.4","24","1014.8","17","011.0","24","  7.8","24","  5.2","24"," 11.1","999.9","  75.9"," ","  59.0"," "," 0.03","G","999.9","010000"
"72205012815","2020-02-02","28.41822","-81.32413","27.1","ORLANDO INTERNATIONAL AIRPORT, FL US","  56.4","24","  43.2","24","1019.6","23","015.8","24"," 10.0","24","  9.8","24"," 15.9"," 22.9","  66.0"," ","  48.0"," "," 0.13","G","999.9","000000"
"72205012815","2020-02-03","28.41822","-81.32413","27.1","ORLANDO INTERNATIONAL AIRPORT, FL US","  58.1","24","  43.0","24","1021.3","24","017.5","24"," 10.0","24","  3.0","24","  9.9","999.9","  75.0"," ","  44.1"," "," 0.00","G","999.9","000000"
"72205012815","2020-02-04","28.41822","-81.32413","27.1","ORLANDO INTERNATIONAL AIRPORT, FL US","  62.6","24","  50.0","24","1021.1","24","017.4","24"," 10.0","24","  4.4","24","  8.9","999.9","  79.0"," ","  44.1"," "," 0.00","G","999.9","000000"
"72205012815","2020-02-05","28.41822","-81.32413","27.1","ORLANDO INTERNATIONAL AIRPORT, FL US","  68.1","24","  58.9","24","1017.8","24","014.2","24","  9.9","24","  4.8","24"," 13.0","999.9","  82.0"," ","  50.0"," "," 0.00","G","999.9","100000"
"72205012815","2020-02-06","28.41822","-81.32413","27.1","ORLANDO INTERNATIONAL AIRPORT, FL US","  75.4","24","  65.5","24","1010.1","21","006.8","24"," 10.0","24"," 12.6","24"," 22.9"," 29.9","  88.0"," ","  57.0"," "," 0.00","G","999.9","000000"
"72205012815","2020-02-07","28.41822","-81.32413","27.1","ORLANDO INTERNATIONAL AIRPORT, FL US","  67.9","24","  51.9","24","1011.2","23","006.8","24","  9.6","24"," 15.1","24"," 24.1"," 36.9","  88.0"," ","  57.0"," "," 0.72","G","999.9","010010"
"72205012815","2020-02-08","28.41822","-81.32413","27.1","ORLANDO INTERNATIONAL AIRPORT, FL US","  57.2","24","  40.3","24","1023.9","24","020.1","24"," 10.0","24","  6.9","24"," 11.1","999.9","  79.0"," ","  45.0"," "," 0.00","I","999.9","000000"
"72205012815","2020-02-09","28.41822","-81.32413","27.1","ORLANDO INTERNATIONAL AIRPORT, FL US","  63.8","24","  50.7","24","1027.6","24","023.9","24"," 10.0","24","  8.8","24"," 15.9"," 20.0","  78.1"," ","  45.0"," "," 0.00","G","999.9","000000"
"72205012815","2020-02-10","28.41822","-81.32413","27.1","ORLANDO INTERNATIONAL AIRPORT, FL US","  69.3","24","  57.1","24","1025.1","24","021.4","24"," 10.0","24","  7.2","24"," 14.0"," 17.1","  84.0"," ","  53.1"," "," 0.00","G","999.9","000000"
"72205012815","2020-02-11","28.41822","-81.32413","27.1","ORLANDO INTERNATIONAL AIRPORT, FL US","  73.8","24","  64.3","24","1020.8","18","017.4","24","  7.8","24","  6.1","24"," 14.0","999.9","  87.1"," ","  57.0"," "," 0.00","G","999.9","100000"
"72205012815","2020-02-12","28.41822","-81.32413","27.1","ORLANDO INTERNATIONAL AIRPORT, FL US","  76.3","24","  65.7","24","1019.1","24","015.4","24","  9.9","24","  5.0","24"," 14.0","999.9","  88.0"," ","  64.0"," "," 0.00","G","999.9","100000"
"72205012815","2020-02-13","28.41822","-81.32413","27.1","ORLANDO INTERNATIONAL AIRPORT, FL US","  77.2","24","  67.2","24","1017.1","19","013.6","24","  8.8","24"," 10.0","24"," 15.0"," 21.0","  89.1"," ","  66.0"," "," 0.00","G","999.9","100000"
"72205012815","2020-02-14","28.41822","-81.32413","27.1","ORLANDO INTERNATIONAL AIRPORT, FL US","  72.4","24","  65.3","24","1019.3","20","015.7","24","  8.5","24","  6.4","24"," 18.1"," 20.0","  89.1"," ","  64.0"," "," 0.00","G","999.9","010000"
"72205012815","2020-02-15","28.41822","-81.32413","27.1","ORLANDO INTERNATIONAL AIRPORT, FL US","  66.2","24","  54.3","24","1024.1","24","020.5","24"," 10.0","24"," 11.8","24"," 17.1","999.9","  79.0"," ","  59.0"," "," 0.02","G","999.9","010000"
"72205012815","2020-02-16","28.41822","-81.32413","27.1","ORLANDO INTERNATIONAL AIRPORT, FL US","  70.8","24","  61.2","24","1020.3","22","017.1","24"," 10.0","24","  6.4","24"," 11.1"," 15.0","  84.0"," ","  59.0"," "," 0.00","G","999.9","010000"
"72205012815","2020-02-17","28.41822","-81.32413","27.1","ORLANDO INTERNATIONAL AIRPORT, FL US","  71.6","24","  63.6","24","1017.9","18","014.2","24","  7.5","24","  3.9","24","  8.0","999.9","  84.9"," ","  60.1"," "," 0.09","G","999.9","110000"
"72205012815","2020-02-18","28.41822","-81.32413","27.1","ORLANDO INTERNATIONAL AIRPORT, FL US","  74.4","24","  65.1","24","1020.2","22","016.6","24","  6.9","24","  5.6","24"," 13.0","999.9","  87.1"," ","  63.0"," "," 0.00","G","999.9","100000"
"72205012815","2020-02-19","28.41822","-81.32413","27.1","ORLANDO INTERNATIONAL AIRPORT, FL US","  76.5","24","  67.4","24","1021.0","21","017.3","24"," 10.0","24","  4.8","24"," 14.0","999.9","  88.0"," ","  64.9"," "," 0.00","G","999.9","000000"
"72205012815","2020-02-20","28.41822","-81.32413","27.1","ORLANDO INTERNATIONAL AIRPORT, FL US","  74.5","24","  66.2","24","1019.3","18","015.8","24","  7.1","24","  7.2","24"," 13.0"," 21.0","  88.0"," ","  68.0"," "," 0.00","G","999.9","000000"
"72205012815","2020-02-21","28.41822","-81.32413","27.1","ORLANDO INTERNATIONAL AIRPORT, FL US","  60.2","24","  52.9","24","1020.1","21","016.0","24","  8.8","24"," 14.5","24"," 21.0"," 31.1","  86.0"," ","  50.0"," "," 0.03","G","999.9","010000"
"72205012815","2020-02-22","28.41822","-81.32413","27.1","ORLANDO INTERNATIONAL AIRPORT, FL US","  55.6","24","  43.0","24","1024.9","24","021.2","24"," 10.0","24"," 13.7","24"," 19.0"," 27.0","  73.9"," ","  46.0"," "," 0.00","I","999.9","000000"
"72205012815","2020-02-23","28.41822","-81.32413","27.1","ORLANDO INTERNATIONAL AIRPORT, FL US","  61.9","24","  50.1","24","1023.7","24","020.0","24"," 10.0","24","  7.7","24"," 15.9","999.9","  78.1"," ","  46.0"," "," 0.00","G","999.9","000000"
"72205012815","2020-02-24","28.41822","-81.32413","27.1","ORLANDO INTERNATIONAL AIRPORT, FL US","  67.2","24","  51.9","24","1019.1","24","015.5","24","  9.7","24","  5.6","24"," 13.0"," 19.0","  81.0"," ","  53.1"," "," 0.00","G","999.9","000000"
"72205012815","2020-02-25","28.41822","-81.32413","27.1","ORLANDO INTERNATIONAL AIRPORT, FL US","  72.5","24","  60.3","24","1013.9","24","010.3","24"," 10.0","24"," 10.0","24"," 15.9"," 24.1","  87.1"," ","  54.0"," "," 0.00","G","999.9","000000"
"72205012815","2020-02-26","28.41822","-81.32413","27.1","ORLANDO INTERNATIONAL AIRPORT, FL US","  71.6","24","  62.3","24","1013.4","23","009.7","24","  9.7","24","  8.4","24"," 22.9"," 31.1","  87.1"," ","  61.0"," "," 0.00","G","999.9","010010"
"72205012815","2020-02-27","28.41822","-81.32413","27.1","ORLANDO INTERNATIONAL AIRPORT, FL US","  59.2","24","  44.3","24","1018.9","23","014.7","24"," 10.0","24"," 10.7","24"," 15.9"," 22.9","  81.0"," ","  50.0"," "," 0.55","G","999.9","010000"
"72205012815","2020-02-28","28.41822","-81.32413","27.1","ORLANDO INTERNATIONAL AIRPORT, FL US","  53.6","24","  36.0","24","1023.5","24","019.8","24"," 10.0","24","  8.6","24"," 15.0"," 20.0","  64.9"," ","  44.1"," "," 0.01","G","999.9","000000"
"72205012815","2020-02-29","28.41822","-81.32413","27.1","ORLANDO INTERNATIONAL AIRPORT, FL US","  55.9","24","  35.1","24","1024.3","24","020.5","24"," 10.0","24","  9.0","24"," 15.0"," 22.9","  66.9"," ","  44.1"," "," 0.00","G","999.9","000000"
"72205012815","2020-03-01","28.41822","-81.32413","27.1","ORLANDO INTERNATIONAL AIRPORT, FL US","  58.0","24","  37.8","24","1025.9","24","022.1","24"," 10.0","24","  4.2","24","  9.9","999.9","  72.0"," ","  43.0"," "," 0.00","G","999.9","000000"
"72205012815","2020-03-02","28.41822","-81.32413","27.1","ORLANDO INTERNATIONAL AIRPORT, FL US","  64.4","24","  49.4","24","1022.4","24","018.8","24"," 10.0","24","  6.2","24"," 15.0"," 22.0","  79.0"," ","  43.0"," "," 0.00","G","999.9","000000"
"72205012815","2020-03-03","28.41822","-81.32413","27.1","ORLANDO INTERNATIONAL AIRPORT, FL US","  69.8","24","  55.9","24","1017.1","24","013.5","24","  9.9","24","  7.8","24"," 15.9"," 22.0","  84.9"," ","  52.0"," "," 0.00","G","999.9","100000"
"72205012815","2020-03-04","28.41822","-81.32413","27.1","ORLANDO INTERNATIONAL AIRPORT, FL US","  74.5","24","  62.7","24","1015.5","23","012.0","24","  8.2","24","  7.4","24"," 14.0"," 19.0","  90.0"," ","  57.0"," "," 0.00","G","999.9","100000"
"72205012815","2020-03-05","28.41822","-81.32413","27.1","ORLANDO INTERNATIONAL AIRPORT, FL US","  78.4","24","  66.4","24","1015.4","22","011.9","24","  8.6","24"," 10.1","24"," 22.0"," 28.0","  91.9"," ","  63.0"," "," 0.00","G","999.9","000000"
"72205012815","2020-03-06","28.41822","-81.32413","27.1","ORLANDO INTERNATIONAL AIRPORT, FL US","  73.1","24","  58.9","24","1016.9","17","012.9","24"," 10.0","24"," 11.3","24"," 22.0"," 24.1","  91.9"," ","  66.0"," "," 0.02","G","999.9","010000"
"72205012815","2020-03-07","28.41822","-81.32413","27.1","ORLANDO INTERNATIONAL AIRPORT, FL US","  59.3","24","  34.2","24","1024.6","24","020.9","24"," 10.0","24"," 12.2","24"," 17.1"," 27.0","  78.1"," ","  50.0"," "," 0.00","I","999.9","000000"
"72205012815","2020-03-08","28.41822","-81.32413","27.1","ORLANDO INTERNATIONAL AIRPORT, FL US","  59.6","24","  44.5","24","1030.3","24","026.5","24"," 10.0","24"," 10.5","24"," 15.0"," 22.0","  75.0"," ","  50.0"," "," 0.00","G","999.9","000000"
"72205012815","2020-03-09","28.41822","-81.32413","27.1","ORLANDO INTERNATIONAL AIRPORT, FL US","  66.3","24","  51.9","24","1031.5","24","027.9","24","  9.9","24","  9.8","24"," 19.0"," 22.9","  75.9"," ","  50.0"," "," 0.00","G","999.9","010000"
"72205012815","2020-03-10","28.41822","-81.32413","27.1","ORLANDO INTERNATIONAL AIRPORT, FL US","  69.3","24","  57.8","24","1028.1","24","024.4","24"," 10.0","24","  5.9","24"," 13.0","999.9","  79.0"," ","  57.9"," "," 0.00","G","999.9","010000"
"72205012815","2020-03-11","28.41822","-81.32413","27.1","ORLANDO INTERNATIONAL AIRPORT, FL US","  71.3","24","  58.0","24","1022.6","24","019.0","24"," 10.0","24","  2.7","24","  9.9","999.9","  84.9"," ","  60.1"," "," 0.00","G","999.9","000000"
"72205012815","2020-03-12","28.41822","-81.32413","27.1","ORLANDO INTERNATIONAL AIRPORT, FL US","  72.7","24","  60.3","24","1018.3","24","014.6","24"," 10.0","24","  3.6","24","  8.9","999.9","  84.9"," ","  59.0"," "," 0.00","G","999.9","000000"
"72205012815","2020-03-13","28.41822","-81.32413","27.1","ORLANDO INTERNATIONAL AIRPORT, FL US","  73.5","24","  60.1","24","1019.9","24","016.2","24"," 10.0","24","  3.9","24"," 13.0","999.9","  88.0"," ","  62.1"," "," 0.00","G","999.9","000000"
"72205012815","2020-03-14","28.41822","-81.32413","27.1","ORLANDO INTERNATIONAL AIRPORT, FL US","  74.6","24","  60.3","24","1023.5","24","019.8","24"," 10.0","24","  4.3","24","  9.9","999.9","  88.0"," ","  61.0"," "," 0.00","G","999.9","100000"
"72205012815","2020-03-15","28.41822","-81.32413","27.1","ORLANDO INTERNATIONAL AIRPORT, FL US","  75.1","24","  62.3","24","1023.5","24","019.9","24"," 10.0","24","  3.4","24","  9.9","999.9","  89.1"," ","  62.1"," "," 0.00","G","999.9","100000"
"72205012815","2020-03-16","28.41822","-81.32413","27.1","ORLANDO INTERNATIONAL AIRPORT, FL US","  74.4","24","  63.4","24","1023.2","24","019.5","24"," 10.0","24","  5.4","24"," 11.1"," 18.1","  89.1"," ","  64.0"," "," 0.00","G","999.9","100000"
"72205012815","2020-03-17","28.41822","-81.32413","27.1","ORLANDO INTERNATIONAL AIRPORT, FL US","  75.2","24","  63.4","24","1023.0","24","019.3","24"," 10.0","24","  5.5","24"," 13.0","999.9","  87.1"," ","  64.9"," "," 0.00","G","999.9","000000"
"72205012815","2020-03-18","28.41822","-81.32413","27.1","ORLANDO INTERNATIONAL AIRPORT, FL US","  75.3","24","  63.1","24","1023.9","24","020.2","24"," 10.0","24","  5.9","24"," 12.0","999.9","  88.0"," ","  64.0"," "," 0.00","G","999.9","100000"
"72205012815","2020-03-19","28.41822","-81.32413","27.1","ORLANDO INTERNATIONAL AIRPORT, FL US","  75.5","24","  62.8","24","1025.0","24","021.3","24","  9.9","24","  7.4","24"," 13.0"," 20.0","  89.1"," ","  64.0"," "," 0.00","G","999.9","100000"
"72205012815","2020-03-20","28.41822","-81.32413","27.1","ORLANDO INTERNATIONAL AIRPORT, FL US","  76.0","24","  62.8","24","1025.5","24","021.8","24","  9.9","24","  6.6","24"," 12.0"," 17.1","  89.1"," ","  64.0"," "," 0.00","G","999.9","100000"
"72205012815","2020-03-21","28.41822","-81.32413","27.1","ORLANDO INTERNATIONAL AIRPORT, FL US","  76.1","24","  63.2","24","1024.0","24","020.3","24"," 10.0","24","  4.1","24"," 11.1","999.9","  89.1"," ","  64.9"," "," 0.00","G","999.9","000000"
"72205012815","2020-03-22","28.41822","-81.32413","27.1","ORLANDO INTERNATIONAL AIRPORT, FL US","  76.7","24","  63.4","24","1022.8","24","019.1","24"," 10.0","24","  5.4","24"," 11.1","999.9","  89.1"," ","  64.9"," "," 0.00","G","999.9","000000"
"72205012815","2020-03-23","28.41822","-81.32413","27.1","ORLANDO INTERNATIONAL AIRPORT, FL US","  77.0","24","  63.5","24","1022.4","24","018.8","24"," 10.0","24","  6.8","24"," 14.0","999.9","  89.1"," ","  66.0"," "," 0.00","G","999.9","000000"
"72205012815","2020-03-24","28.41822","-81.32413","27.1","ORLANDO INTERNATIONAL AIRPORT, FL US","  77.8","24","  61.8","24","1019.5","24","016.0","24"," 10.0","24","  4.5","24"," 13.0"," 19.0","  90.0"," ","  66.0"," "," 0.00","G","999.9","000000"
"72205012815","2020-03-25","28.41822","-81.32413","27.1","ORLANDO INTERNATIONAL AIRPORT, FL US","  77.7","24","  63.0","24","1014.8","21","011.4","24","  9.0","24","  9.0","24"," 15.9"," 22.9","  90.0"," ","  66.0"," "," 0.00","G","999.9","000000"
"72205012815","2020-03-26","28.41822","-81.32413","27.1","ORLANDO INTERNATIONAL AIRPORT, FL US","  77.3","24","  65.9","24","1014.8","23","011.1","24","  9.9","24","  6.6","24"," 12.0","999.9","  90.0"," ","  66.0"," "," 0.00","G","999.9","000000"
"72205012815","2020-03-27","28.41822","-81.32413","27.1","ORLANDO INTERNATIONAL AIRPORT, FL US","  78.3","24","  67.0","24","1016.2","23","012.6","24","  9.8","24","  5.3","24"," 12.0","999.9","  90.0"," ","  68.0"," "," 0.00","G","999.9","100000"
"72205012815","2020-03-28","28.41822","-81.32413","27.1","ORLANDO INTERNATIONAL AIRPORT, FL US","  78.2","24","  63.9","24","1017.4","24","013.8","24","  9.5","24","  6.2","24"," 11.1"," 17.1","  93.0"," ","  66.9"," "," 0.00","G","999.9","100000"
"72205012815","2020-03-29","28.41822","-81.32413","27.1","ORLANDO INTERNATIONAL AIRPORT, FL US","  77.5","24","  65.2","24","1019.3","23","015.9","24","  9.6","24","  4.8","24","  9.9","999.9","  93.0"," ","  64.0"," "," 0.00","G","999.9","100000"
"72205012815","2020-03-30","28.41822","-81.32413","27.1","ORLANDO INTERNATIONAL AIRPORT, FL US","  79.4","24","  65.9","24","1019.2","24","015.5","24"," 10.0","24","  4.3","24","  8.0","999.9","  91.0"," ","  64.0"," "," 0.00","G","999.9","000000"
"72205012815","2020-03-31","28.41822","-81.32413","27.1","ORLANDO INTERNATIONAL AIRPORT, FL US","  79.7","24","  64.2","24","1012.1","24","008.6","24"," 10.0","24","  9.5","24"," 22.0"," 29.9","  91.0"," ","  69.1"," "," 0.00","G","999.9","000000"
"72205012815","2020-04-01","28.41822","-81.32413","27.1","ORLANDO INTERNATIONAL AIRPORT, FL US","  71.3","24","  55.7","24","1009.0","20","004.9","24","  9.9","24","  9.9","24"," 22.0"," 31.1","  91.0"," ","  61.0"," "," 0.32","G","999.9","010000"
"72205012815","2020-04-02","28.41822","-81.32413","27.1","ORLANDO INTERNATIONAL AIRPORT, FL US","  66.2","24","  49.4","24","1014.9","24","011.3","24"," 10.0","24","  5.8","24"," 12.0","999.9","  79.0"," ","  55.0"," "," 0.00","G","999.9","000000"
"72205012815","2020-04-03","28.41822","-81.32413","27.1","ORLANDO INTERNATIONAL AIRPORT, FL US","  69.1","24","  51.3","24","1015.2","24","011.7","24"," 10.0","24","  3.8","24","  8.9","999.9","  84.0"," ","  55.0"," "," 0.00","G","999.9","000000"
"72205012815","2020-04-04","28.41822","-81.32413","27.1","ORLANDO INTERNATIONAL AIRPORT, FL US","  72.9","24","  56.2","24","1013.8","24","010.2","24"," 10.0","24","  2.6","24"," 12.0","999.9","  88.0"," ","  57.0"," "," 0.00","G","999.9","000000"
"72205012815","2020-04-05","28.41822","-81.32413","27.1","ORLANDO INTERNATIONAL AIRPORT, FL US","  70.1","24","  57.5","24","1014.8","23","011.2","24","  8.9","24","  5.6","24"," 13.0","999.9","  88.0"," ","  60.1"," "," 0.00","G","999.9","010000"
"72205012815","2020-04-06","28.41822","-81.32413","27.1","ORLANDO INTERNATIONAL AIRPORT, FL US","  70.6","24","  60.3","24","1018.0","21","014.3","24"," 10.0","24","  8.2","24"," 15.0","999.9","  81.0"," ","  64.0"," "," 0.29","G","999.9","010000"
"72205012815","2020-04-07","28.41822","-81.32413","27.1","ORLANDO INTERNATIONAL AIRPORT, FL US","  73.8","24","  61.1","24","1018.3","24","014.8","24"," 10.0","24","  4.2","24","  8.9","999.9","  87.1"," ","  63.0"," "," 0.00","G","999.9","000000"
"72205012815","2020-04-08","28.41822","-81.32413","27.1","ORLANDO INTERNATIONAL AIRPORT, FL US","  77.5","24","  65.7","24","1014.6","24","010.9","24"," 10.0","24","  6.8","24"," 13.0"," 17.1","  90.0"," ","  63.0"," "," 0.00","G","999.9","000000"
"72205012815","2020-04-09","28.41822","-81.32413","27.1","ORLANDO INTERNATIONAL AIRPORT, FL US","  80.4","24","  68.1","24","1010.7","23","007.2","24"," 10.0","24"," 11.4","24"," 21.0"," 28.0","  91.0"," ","  68.0"," "," 0.00","G","999.9","000000"
"72205012815","2020-04-10","28.41822","-81.32413","27.1","ORLANDO INTERNATIONAL AIRPORT, FL US","  79.0","24","  67.0","24","1009.8","22","006.1","24","  9.8","24","  9.4","24"," 15.9"," 25.1","  91.0"," ","  73.0"," "," 0.00","G","999.9","010010"
"72205012815","2020-04-11","28.41822","-81.32413","27.1","ORLANDO INTERNATIONAL AIRPORT, FL US","  71.1","24","  55.6","24","1015.6","24","012.0","24"," 10.0","24","  7.8","24"," 13.0"," 17.1","  87.1"," ","  60.1"," "," 0.00","G","999.9","000000"
"72205012815","2020-04-12","28.41822","-81.32413","27.1","ORLANDO INTERNATIONAL AIRPORT, FL US","  79.5","24","  68.2","24","1016.3","24","012.8","24"," 10.0","24"," 10.7","24"," 17.1"," 22.9","  93.9"," ","  60.1"," "," 0.00","G","999.9","000000"
"72205012815","2020-04-13","28.41822","-81.32413","27.1","ORLANDO INTERNATIONAL AIRPORT, FL US","  84.5","24","  70.6","24","1015.3","23","011.6","24","  9.8","24"," 14.5","24"," 18.1"," 26.0","  97.0"," ","  72.0"," "," 0.00","G","999.9","000000"
"72205012815","2020-04-14","28.41822","-81.32413","27.1","ORLANDO INTERNATIONAL AIRPORT, FL US","  82.1","24","  69.8","24","1016.4","23","012.9","24","  9.1","24","  7.1","24"," 13.0","999.9","  97.0"," ","  73.9"," "," 0.00","G","999.9","000000"
"72205012815","2020-04-15","28.41822","-81.32413","27.1","ORLANDO INTERNATIONAL AIRPORT, FL US","  81.0","24","  71.6","24","1013.5","20","010.0","24","  9.0","24","  9.0","24"," 20.0"," 25.1","  93.9"," ","  73.0"," "," 0.00","G","999.9","010000"
"72205012815","2020-04-16","28.41822","-81.32413","27.1","ORLANDO INTERNATIONAL AIRPORT, FL US","  67.6","24","  63.5","24","1017.1","19","013.9","24","  8.5","24"," 10.0","24"," 17.1"," 22.0","  75.0","*","  62.1","*"," 0.05","G","999.9","010000"
"72205012815","2020-04-17","28.41822","-81.32413","27.1","ORLANDO INTERNATIONAL AIRPORT, FL US","  72.5","24","  61.9","24","1020.9","24","017.3","24"," 10.0","24","  8.4","24"," 12.0","999.9","  82.9"," ","  62.1"," "," 0.12","G","999.9","000000"
"72205012815","2020-04-18","28.41822","-81.32413","27.1","ORLANDO INTERNATIONAL AIRPORT, FL US","  75.3","24","  69.6","24","1016.7","17","013.4","24","  8.7","24","  6.7","24"," 14.0"," 18.1","  82.9"," ","  64.0"," "," 0.00","G","999.9","010010"
"72205012815","2020-04-19","28.41822","-81.32413","27.1","ORLANDO INTERNATIONAL AIRPORT, FL US","  79.5","24","  67.4","24","1014.2","24","010.6","24"," 10.0","24","  5.9","24"," 12.0"," 19.0","  93.0"," ","  70.0"," "," 0.46","G","999.9","000000"
"72205012815","2020-04-20","28.41822","-81.32413","27.1","ORLANDO INTERNATIONAL AIRPORT, FL US","  80.9","24","  69.7","24","1008.5","23","004.9","24"," 10.0","24"," 12.6","24"," 25.1"," 33.0","  93.0"," ","  70.0"," "," 0.00","G","999.9","010010"
"72205012815","2020-04-21","28.41822","-81.32413","27.1","ORLANDO INTERNATIONAL AIRPORT, FL US","  75.3","24","  60.6","24","1012.2","24","008.6","24"," 10.0","24","  5.5","24"," 12.0"," 15.0","  88.0"," ","  63.0"," "," 0.03","G","999.9","100000"
"72205012815","2020-04-22","28.41822","-81.32413","27.1","ORLANDO INTERNATIONAL AIRPORT, FL US","  75.3","24","  55.0","24","1016.2","24","012.6","24"," 10.0","24","  7.8","24"," 13.0","999.9","  87.1"," ","  63.0"," "," 0.00","G","999.9","000000"
"72205012815","2020-04-23","28.41822","-81.32413","27.1","ORLANDO INTERNATIONAL AIRPORT, FL US","  78.0","24","  61.3","24","1014.9","24","011.3","24"," 10.0","24"," 10.9","24"," 21.0"," 28.0","  91.9"," ","  66.0"," "," 0.00","G","999.9","000000"
"72205012815","2020-04-24","28.41822","-81.32413","27.1","ORLANDO INTERNATIONAL AIRPORT, FL US","  76.1","24","  67.5","24","1011.3","23","007.7","24","  9.4","24"," 12.1","24"," 24.1"," 36.9","  91.9"," ","  68.0"," "," 0.28","G","999.9","010010"
"72205012815","2020-04-25","28.41822","-81.32413","27.1","ORLANDO INTERNATIONAL AIRPORT, FL US","  74.3","24","  68.4","24","1013.0","21","009.4","24","  9.9","24","  5.3","24"," 17.1"," 21.0","  88.0"," ","  66.9"," "," 0.37","G","999.9","110000"
"72205012815","2020-04-26","28.41822","-81.32413","27.1","ORLANDO INTERNATIONAL AIRPORT, FL US","  80.8","24","  68.6","24","1015.2","22","011.5","24","  9.4","24","  7.5","24"," 15.9"," 20.0","  89.1"," ","  66.9"," "," 0.00","G","999.9","000000"
"72205012815","2020-04-27","28.41822","-81.32413","27.1","ORLANDO INTERNATIONAL AIRPORT, FL US","  71.9","24","  49.8","24","1018.7","24","015.1","24"," 10.0","24","  9.5","24"," 15.9","999.9","  89.1"," ","  63.0"," "," 0.00","G","999.9","000000"
"72205012815","2020-04-28","28.41822","-81.32413","27.1","ORLANDO INTERNATIONAL AIRPORT, FL US","  69.8","24","  54.2","24","1021.4","24","017.8","24"," 10.0","24","  7.5","24"," 15.0"," 20.0","  82.9"," ","  57.9"," "," 0.00","G","999.9","000000"
"72205012815","2020-04-29","28.41822","-81.32413","27.1","ORLANDO INTERNATIONAL AIRPORT, FL US","  74.5","24","  59.2","24","1018.0","24","014.3","24"," 10.0","24","  7.7","24"," 13.0"," 20.0","  88.0"," ","  57.9"," "," 0.00","G","999.9","000000"
"72205012815","2020-04-30","28.41822","-81.32413","27.1","ORLANDO INTERNATIONAL AIRPORT, FL US","  74.9","24","  65.4","24","1012.7","20","009.1","24","  9.4","24"," 11.3","24"," 20.0"," 28.9","  88.0"," ","  63.0"," "," 0.40","G","999.9","010010"
"72205012815","2020-05-01","28.41822","-81.32413","27.1","ORLANDO INTERNATIONAL AIRPORT, FL US","  69.3","24","  49.8","24","1015.8","24","012.3","24"," 10.0","24","  6.8","24"," 13.0"," 19.0","  82.9"," ","  55.9"," "," 0.20","G","999.9","000000"
"72205012815","2020-05-02","28.41822","-81.32413","27.1","ORLANDO INTERNATIONAL AIRPORT, FL US","  73.1","24","  50.4","24","1019.7","24","016.1","24"," 10.0","24","  3.9","24"," 11.1","999.9","  87.1"," ","  55.9"," "," 0.00","G","999.9","000000"
"72205012815","2020-05-03","28.41822","-81.32413","27.1","ORLANDO INTERNATIONAL AIRPORT, FL US","  75.1","24","  57.9","24","1019.4","23","015.7","24"," 10.0","24","  4.3","24"," 11.1","999.9","  88.0"," ","  59.0"," "," 0.00","G","999.9","100000"
"72205012815","2020-05-04","28.41822","-81.32413","27.1","ORLANDO INTERNATIONAL AIRPORT, FL US","  76.8","24","  61.7","24","1016.1","24","012.5","24","  9.9","24","  4.2","24"," 11.1","999.9","  90.0"," ","  62.1"," "," 0.00","G","999.9","000000"
"72205012815","2020-05-05","28.41822","-81.32413","27.1","ORLANDO INTERNATIONAL AIRPORT, FL US","  78.9","24","  63.4","24","1014.5","24","010.8","24"," 10.0","24","  4.7","24"," 11.1"," 18.1","  91.0"," ","  64.0"," "," 0.00","G","999.9","000000"
"72205012815","2020-05-06","28.41822","-81.32413","27.1","ORLANDO INTERNATIONAL AIRPORT, FL US","  79.4","24","  63.7","24","1013.1","24","009.5","24"," 10.0","24","  8.4","24"," 15.0"," 21.0","  91.0"," ","  66.9"," "," 0.00","G","999.9","000000"
"72205012815","2020-05-07","28.41822","-81.32413","27.1","ORLANDO INTERNATIONAL AIRPORT, FL US","  72.5","24","  50.5","24","1015.7","24","012.1","24"," 10.0","24"," 10.9","24"," 15.9"," 20.0","  91.0"," ","  63.0"," "," 0.00","G","999.9","000000"
"72205012815","2020-05-08","28.41822","-81.32413","27.1","ORLANDO INTERNATIONAL AIRPORT, FL US","  69.0","24","  48.2","24","1018.3","24","014.7","24"," 10.0","24","  6.9","24"," 14.0"," 19.0","  86.0"," ","  54.0"," "," 0.00","G","999.9","000000"
"72205012815","2020-05-09","28.41822","-81.32413","27.1","ORLANDO INTERNATIONAL AIRPORT, FL US","  75.1","24","  61.5","24","1016.5","24","013.0","24"," 10.0","24","  8.5","24"," 15.0"," 19.0","  87.1"," ","  54.0"," "," 0.00","G","999.9","000000"
"72205012815","2020-05-10","28.41822","-81.32413","27.1","ORLANDO INTERNATIONAL AIRPORT, FL US","  73.9","24","  63.8","24","1019.2","21","015.5","24"," 10.0","24","  9.2","24"," 15.0","999.9","  87.1"," ","  66.9"," "," 0.00","G","999.9","010000"
"72205012815","2020-05-11","28.41822","-81.32413","27.1","ORLANDO INTERNATIONAL AIRPORT, FL US","  74.6","24","  61.2","24","1018.0","24","014.4","24"," 10.0","24","  7.3","24"," 14.0"," 17.1","  88.0"," ","  64.9"," "," 0.00","G","999.9","010000"
"72205012815","2020-05-12","28.41822","-81.32413","27.1","ORLANDO INTERNATIONAL AIRPORT, FL US","  74.2","24","  52.9","24","1020.2","24","016.6","24","  9.9","24","  6.5","24"," 17.1"," 22.9","  88.0"," ","  62.1"," "," 0.00","G","999.9","000000"
"72205012815","2020-05-13","28.41822","-81.32413","27.1","ORLANDO INTERNATIONAL AIRPORT, FL US","  74.3","24","  59.0","24","1022.1","24","018.5","24","  9.8","24"," 10.3","24"," 17.1"," 24.1","  87.1"," ","  62.1"," "," 0.00","G","999.9","000000"
"72205012815","2020-05-14","28.41822","-81.32413","27.1","ORLANDO INTERNATIONAL AIRPORT, FL US","  75.2","24","  60.4","24","1021.8","24","018.1","24","  9.8","24"," 11.1","24"," 18.1"," 24.1","  86.0"," ","  64.0"," "," 0.00","G","999.9","000000"
"72205012815","2020-05-15","28.41822","-81.32413","27.1","ORLANDO INTERNATIONAL AIRPORT, FL US","  76.8","24","  64.0","24","1017.7","24","014.1","24"," 10.0","24"," 10.5","24"," 15.9"," 22.0","  88.0"," ","  66.9"," "," 0.00","G","999.9","000000"
"72205012815","2020-05-16","28.41822","-81.32413","27.1","ORLANDO INTERNATIONAL AIRPORT, FL US","  77.3","24","  70.9","24","1012.7","17","009.3","24","  9.5","24"," 11.5","24"," 20.0"," 27.0","  88.0"," ","  69.1"," "," 0.04","G","999.9","010000"
"72205012815","2020-05-17","28.41822","-81.32413","27.1","ORLANDO INTERNATIONAL AIRPORT, FL US","  79.2","24","  68.9","24","1012.7","21","009.2","24"," 10.0","24","  6.5","24"," 13.0"," 15.0","  93.0"," ","  73.0"," "," 0.12","G","999.9","000000"
"72205012815","2020-05-18","28.41822","-81.32413","27.1","ORLANDO INTERNATIONAL AIRPORT, FL US","  78.1","24","  67.4","24","1013.3","23","009.9","24"," 10.0","24","  7.2","24"," 17.1"," 25.1","  93.0"," ","  71.1"," "," 0.00","G","999.9","010010"
"72205012815","2020-05-19","28.41822","-81.32413","27.1","ORLANDO INTERNATIONAL AIRPORT, FL US","  79.0","24","  64.3","24","1011.2","22","007.6","24"," 10.0","24","  9.5","24"," 15.9"," 24.1","  93.9"," ","  69.1"," "," 0.02","G","999.9","000000"
"72205012815","2020-05-20","28.41822","-81.32413","27.1","ORLANDO INTERNATIONAL AIRPORT, FL US","  79.3","24","  62.2","24","1012.3","24","008.7","24"," 10.0","24","  7.2","24"," 13.0"," 20.0","  93.9"," ","  66.0"," "," 0.00","G","999.9","000000"
"72205012815","2020-05-21","28.41822","-81.32413","27.1","ORLANDO INTERNATIONAL AIRPORT, FL US","  81.9","24","  65.5","24","1014.6","24","011.0","24","  9.9","24","  5.2","24"," 17.1","999.9","  95.0"," ","  66.0"," "," 0.00","G","999.9","110010"
"72205012815","2020-05-22","28.41822","-81.32413","27.1","ORLANDO INTERNATIONAL AIRPORT, FL US","  78.5","24","  68.1","24","1018.0","22","014.3","24","  9.7","24","  6.5","24"," 17.1","999.9","  95.0"," ","  66.9"," "," 0.21","G","999.9","010010"
"72205012815","2020-05-23","28.41822","-81.32413","27.1","ORLANDO INTERNATIONAL AIRPORT, FL US","  81.4","24","  70.3","24","1018.0","23","014.5","24"," 10.0","24","  6.0","24"," 13.0"," 17.1","  93.9"," ","  68.0"," "," 0.00","G","999.9","010000"
"72205012815","2020-05-24","28.41822","-81.32413","27.1","ORLANDO INTERNATIONAL AIRPORT, FL US","  79.9","24","  70.4","24","1016.6","24","013.0","24"," 10.0","24","  8.1","24"," 13.0"," 17.1","  91.9"," ","  73.9"," "," 0.00","G","999.9","010000"
"72205012815","2020-05-25","28.41822","-81.32413","27.1","ORLANDO INTERNATIONAL AIRPORT, FL US","  75.0","24","  71.0","24","1013.9","22","010.2","24","  9.3","24","  8.8","24"," 18.1"," 24.1","  87.1"," ","  72.0"," "," 0.07","G","999.9","010000"
"72205012815","2020-05-26","28.41822","-81.32413","27.1","ORLANDO INTERNATIONAL AIRPORT, FL US","  78.7","24","  71.5","24","1011.1","16","007.6","24","  9.8","24","  7.9","24"," 15.0"," 19.0","  88.0","*","  71.6","*"," 0.16","G","999.9","010010"
"72205012815","2020-05-27","28.41822","-81.32413","27.1","ORLANDO INTERNATIONAL AIRPORT, FL US","  77.4","24","  72.5","24","1013.1","20","009.7","24","  9.4","24","  5.8","24"," 19.0"," 28.0","  89.1"," ","  73.0"," "," 0.36","G","999.9","010010"
"72205012815","2020-05-28","28.41822","-81.32413","27.1","ORLANDO INTERNATIONAL AIRPORT, FL US","  77.5","24","  72.1","24","1016.6","17","013.3","24","  8.6","24","  6.0","24"," 38.1"," 49.0","  93.0","*","  70.0","*"," 0.22","G","999.9","010010"
"72205012815","2020-05-29","28.41822","-81.32413","27.1","ORLANDO INTERNATIONAL AIRPORT, FL US","  78.2","24","  70.4","24","1017.7","20","014.3","24","  9.9","24","  5.3","24"," 18.1"," 25.1","  93.0"," ","  70.0"," "," 1.45","G","999.9","010010"
"72205012815","2020-05-30","28.41822","-81.32413","27.1","ORLANDO INTERNATIONAL AIRPORT, FL US","  80.4","24","  72.0","24","1016.8","18","012.9","24"," 10.0","24","  5.4","24"," 19.0","999.9","  93.0"," ","  71.1"," "," 0.02","G","999.9","010010"
"72205012815","2020-05-31","28.41822","-81.32413","27.1","ORLANDO INTERNATIONAL AIRPORT, FL US","  79.6","24","  69.2","24","1015.9","23","012.4","24","  9.5","24","  4.2","24"," 19.0","999.9","  93.9"," ","  70.0"," "," 1.18","G","999.9","010010"
"72205012815","2020-06-01","28.41822","-81.32413","27.1","ORLANDO INTERNATIONAL AIRPORT, FL US","  82.7","24","  72.4","24","1017.3","24","013.7","24"," 10.0","24","  8.8","24"," 17.1"," 22.0","  93.9"," ","  70.0"," "," 0.00","G","999.9","000000"
"72205012815","2020-06-02","28.41822","-81.32413","27.1","ORLANDO INTERNATIONAL AIRPORT, FL US","  77.6","24","  71.7","24","1019.8","21","016.2","24","  9.6","24","  9.4","24"," 13.0","999.9","  91.0"," ","  73.9"," "," 0.00","G","999.9","010000"
"72205012815","2020-06-03","28.41822","-81.32413","27.1","ORLANDO INTERNATIONAL AIRPORT, FL US","  78.5","24","  70.5","24","1017.8","24","014.1","24"," 10.0","24","  7.3","24"," 13.0","999.9","  84.9"," ","  73.9"," "," 0.32","G","999.9","010000"
"72205012815","2020-06-04","28.41822","-81.32413","27.1","ORLANDO INTERNATIONAL AIRPORT, FL US","  75.3","24","  72.8","24","1015.6","16","012.1","24","  8.7","24","  4.9","24"," 18.1"," 22.9","  84.9"," ","  73.0"," "," 0.09","G","999.9","010000"
"72205012815","2020-06-05","28.41822","-81.32413","27.1","ORLANDO INTERNATIONAL AIRPORT, FL US","  77.3","24","  70.9","24","1016.8","24","013.0","24"," 10.0","24","  3.9","24"," 13.0","999.9","  91.0"," ","  72.0"," "," 1.99","G","999.9","010000"
"72205012815","2020-06-06","28.41822","-81.32413","27.1","ORLANDO INTERNATIONAL AIRPORT, FL US","  76.7","24","  74.3","24","1016.4","20","012.5","24","  9.9","24","  5.1","24","  9.9","999.9","  91.0"," ","  72.0"," "," 0.11","G","999.9","010010"
"72205012815","2020-06-07","28.41822","-81.32413","27.1","ORLANDO INTERNATIONAL AIRPORT, FL US","  78.9","24","  75.0","24","1013.9","19","010.4","24","  9.1","24","  7.0","24"," 15.9"," 28.0","  86.0"," ","  73.0"," "," 0.68","G","999.9","010010"
"72205012815","2020-06-08","28.41822","-81.32413","27.1","ORLANDO INTERNATIONAL AIRPORT, FL US","  80.8","24","  74.6","24","1014.5","22","010.9","24","  9.4","24","  5.4","24"," 12.0","999.9","  93.0"," ","  73.9"," "," 1.02","G","999.9","010010"
"72205012815","2020-06-09","28.41822","-81.32413","27.1","ORLANDO INTERNATIONAL AIRPORT, FL US","  82.7","24","  74.1","24","1015.1","24","011.5","24","  9.9","24","  2.6","24"," 18.1"," 38.1","  93.0"," ","  75.0"," "," 0.00","G","999.9","010010"
"72205012815","2020-06-10","28.41822","-81.32413","27.1","ORLANDO INTERNATIONAL AIRPORT, FL US","  80.9","24","  72.8","24","1016.5","22","013.0","24","  9.9","24","  4.1","24"," 15.9"," 19.0","  96.1"," ","  73.9"," "," 0.03","G","999.9","010010"
"72205012815","2020-06-11","28.41822","-81.32413","27.1","ORLANDO INTERNATIONAL AIRPORT, FL US","  79.9","24","  73.4","24","1018.2","23","014.5","24","  9.9","24","  4.2","24"," 14.0","999.9","  96.1"," ","  73.9"," "," 0.15","G","999.9","010010"
"72205012815","2020-06-12","28.41822","-81.32413","27.1","ORLANDO INTERNATIONAL AIRPORT, FL US","  81.0","24","  68.8","24","1017.7","24","014.1","24"," 10.0","24","  5.5","24"," 14.0","999.9","  91.0"," ","  72.0"," "," 0.04","G","999.9","000000"
"72205012815","2020-06-13","28.41822","-81.32413","27.1","ORLANDO INTERNATIONAL AIRPORT, FL US","  80.1","24","  69.0","24","1015.2","24","011.6","24","  9.9","24","  6.0","24"," 12.0","999.9","  91.0"," ","  72.0"," "," 0.00","G","999.9","010000"
"72205012815","2020-06-14","28.41822","-81.32413","27.1","ORLANDO INTERNATIONAL AIRPORT, FL US","  79.1","24","  70.5","24","1016.4","23","012.8","24","  9.4","24","  4.9","24"," 18.1"," 28.9","  91.0"," ","  72.0"," "," 0.00","G","999.9","010010"
"72205012815","2020-06-15","28.41822","-81.32413","27.1","ORLANDO INTERNATIONAL AIRPORT, FL US","  80.2","24","  69.2","24","1017.2","24","013.5","24"," 10.0","24","  8.1","24"," 15.9"," 22.0","  91.0"," ","  72.0"," "," 0.49","G","999.9","000000"
"72205012815","2020-06-16","28.41822","-81.32413","27.1","ORLANDO INTERNATIONAL AIRPORT, FL US","  78.1","24","  65.5","24","1017.9","24","014.2","24"," 10.0","24","  6.5","24"," 13.0","999.9","  91.0"," ","  70.0"," "," 0.00","G","999.9","000000"
"72205012815","2020-06-17","28.41822","-81.32413","27.1","ORLANDO INTERNATIONAL AIRPORT, FL US","  78.5","24","  66.4","24","1018.0","24","014.4","24"," 10.0","24","  5.4","24"," 11.1","999.9","  90.0"," ","  70.0"," "," 0.02","G","999.9","000000"
"72205012815","2020-06-18","28.41822","-81.32413","27.1","ORLANDO INTERNATIONAL AIRPORT, FL US","  79.4","24","  70.8","24","1017.1","24","013.4","24","  9.6","24","  4.5","24"," 20.0"," 32.1","  91.9"," ","  71.1"," "," 0.08","G","999.9","010010"
"72205012815","2020-06-19","28.41822","-81.32413","27.1","ORLANDO INTERNATIONAL AIRPORT, FL US","  78.5","24","  73.0","24","1017.3","22","013.6","24"," 10.0","24","  4.5","24"," 17.1","999.9","  91.9"," ","  72.0"," "," 2.01","G","999.9","010010"
"72205012815","2020-06-20","28.41822","-81.32413","27.1","ORLANDO INTERNATIONAL AIRPORT, FL US","  80.6","24","  71.8","24","1017.2","19","013.6","24"," 10.0","24","  4.1","24"," 11.1","999.9","  93.0"," ","  72.0"," "," 0.10","G","999.9","010010"
"72205012815","2020-06-21","28.41822","-81.32413","27.1","ORLANDO INTERNATIONAL AIRPORT, FL US","  81.9","24","  71.0","24","1017.1","24","013.4","24"," 10.0","24","  4.0","24"," 26.0"," 38.1","  93.9"," ","  72.0"," "," 0.25","G","999.9","010010"
"72205012815","2020-06-22","28.41822","-81.32413","27.1","ORLANDO INTERNATIONAL AIRPORT, FL US","  83.9","24","  70.7","24","1018.0","24","014.4","24"," 10.0","24","  4.1","24"," 12.0","999.9","  93.9"," ","  73.0"," "," 0.00","G","999.9","000010"
"72205012815","2020-06-23","28.41822","-81.32413","27.1","ORLANDO INTERNATIONAL AIRPORT, FL US","  80.9","24","  72.3","24","1016.9","20","013.6","24","  9.3","24","  5.9","24"," 20.0"," 34.0","  93.9"," ","  71.1"," "," 3.02","G","999.9","010010"
"72205012815","2020-06-24","28.41822","-81.32413","27.1","ORLANDO INTERNATIONAL AIRPORT, FL US","  84.0","24","  73.1","24","1016.3","24","012.6","24"," 10.0","24","  4.5","24","  8.9","999.9","  93.9"," ","  73.0"," "," 0.01","G","999.9","010010"
"72205012815","2020-06-25","28.41822","-81.32413","27.1","ORLANDO INTERNATIONAL AIRPORT, FL US","  84.9","24","  72.9","24","1018.4","24","014.8","24"," 10.0","24","  4.9","24"," 18.1","999.9","  97.0"," ","  75.9"," "," 0.00","G","999.9","010010"
"72205012815","2020-06-26","28.41822","-81.32413","27.1","ORLANDO INTERNATIONAL AIRPORT, FL US","  85.2","24","  73.6","24","1021.3","24","017.7","24"," 10.0","24","  4.1","24"," 12.0","999.9","  97.0"," ","  77.0"," "," 0.00","G","999.9","000000"
"72205012815","2020-06-27","28.41822","-81.32413","27.1","ORLANDO INTERNATIONAL AIRPORT, FL US","  85.2","24","  73.3","24","1020.0","24","016.3","24"," 10.0","24","  3.9","24","  8.0","999.9","  96.1"," ","  77.0"," "," 0.00","G","999.9","000000"
"72205012815","2020-06-28","28.41822","-81.32413","27.1","ORLANDO INTERNATIONAL AIRPORT, FL US","  85.3","24","  72.6","24","1017.5","24","013.8","24"," 10.0","24","  5.0","24","  8.0","999.9","  95.0"," ","  75.9"," "," 0.00","G","999.9","000000"
"72205012815","2020-06-29","28.41822","-81.32413","27.1","ORLANDO INTERNATIONAL AIRPORT, FL US","  86.2","24","  72.6","24","1016.5","24","012.9","24","  9.8","24","  4.0","24"," 15.0"," 19.0","  97.0"," ","  75.9"," "," 0.00","G","999.9","010010"
"72205012815","2020-06-30","28.41822","-81.32413","27.1","ORLANDO INTERNATIONAL AIRPORT, FL US","  85.6","24","  72.1","24","1015.4","22","011.7","24","  9.8","24","  6.9","24"," 20.0"," 26.0","  97.0"," ","  77.0"," "," 0.00","G","999.9","010010"
"72205012815","2020-07-01","28.41822","-81.32413","27.1","ORLANDO INTERNATIONAL AIRPORT, FL US","  82.5","24","  73.4","24","1014.6","22","011.0","24","  9.7","24","  5.5","24"," 15.9"," 28.9","  96.1"," ","  73.9"," "," 0.00","G","999.9","010010"
"72205012815","2020-07-02","28.41822","-81.32413","27.1","ORLANDO INTERNATIONAL AIRPORT, FL US","  81.3","24","  74.1","24","1014.3","24","010.8","24","  9.6","24","  5.4","24"," 19.0"," 35.9","  95.0"," ","  73.9"," "," 0.29","G","999.9","010010"
"72205012815","2020-07-03","28.41822","-81.32413","27.1","ORLANDO INTERNATIONAL AIRPORT, FL US","  82.0","24","  73.8","24","1013.4","22","009.9","24","  9.6","24","  5.9","24"," 15.9"," 27.0","  93.0"," ","  75.0"," "," 0.73","G","999.9","010010"
"72205012815","2020-07-04","28.41822","-81.32413","27.1","ORLANDO INTERNATIONAL AIRPORT, FL US","  81.5","24","  73.2","24","1013.3","22","009.8","24","  9.7","24","  5.0","24"," 20.0"," 28.9","  93.0"," ","  73.9"," "," 0.16","G","999.9","010010"
"72205012815","2020-07-05","28.41822","-81.32413","27.1","ORLANDO INTERNATIONAL AIRPORT, FL US","  77.9","24","  72.8","24","1014.4","23","010.8","24","  9.1","24","  6.1","24"," 27.0"," 35.0","  93.0"," ","  73.9"," "," 0.39","G","999.9","010010"
"72205012815","2020-07-06","28.41822","-81.32413","27.1","ORLANDO INTERNATIONAL AIRPORT, FL US","  78.6","24","  73.1","24","1016.4","22","012.9","24","  9.6","24","  6.5","24"," 28.0"," 35.0","  91.9"," ","  71.1"," "," 0.44","G","999.9","010010"
"72205012815","2020-07-07","28.41822","-81.32413","27.1","ORLANDO INTERNATIONAL AIRPORT, FL US","  78.8","24","  74.1","24","1017.7","23","014.1","24","  9.8","24","  4.9","24"," 11.1"," 15.0","  91.9"," ","  71.1"," "," 0.36","G","999.9","010010"
"72205012815","2020-07-08","28.41822","-81.32413","27.1","ORLANDO INTERNATIONAL AIRPORT, FL US","  80.3","24","  75.1","24","1015.4","24","011.9","24"," 10.0","24","  6.5","24"," 21.0"," 27.0","  91.0"," ","  73.9"," "," 0.02","G","999.9","010010"
"72205012815","2020-07-09","28.41822","-81.32413","27.1","ORLANDO INTERNATIONAL AIRPORT, FL US","  84.4","24","  74.4","24","1013.1","24","009.5","24"," 10.0","24","  8.0","24"," 18.1"," 25.1","  93.9"," ","  75.9"," "," 0.39","G","999.9","010000"
"72205012815","2020-07-10","28.41822","-81.32413","27.1","ORLANDO INTERNATIONAL AIRPORT, FL US","  83.8","24","  75.4","24","1013.6","22","010.0","24","  9.5","24","  7.2","24"," 14.0"," 22.0","  93.9"," ","  77.0"," "," 0.17","G","999.9","010010"
"72205012815","2020-07-11","28.41822","-81.32413","27.1","ORLANDO INTERNATIONAL AIRPORT, FL US","  81.4","24","  75.4","24","1012.8","20","009.4","24","  9.4","24","  7.4","24"," 24.1"," 29.9","  93.0"," ","  75.9"," "," 0.60","G","999.9","010010"
"72205012815","2020-07-12","28.41822","-81.32413","27.1","ORLANDO INTERNATIONAL AIRPORT, FL US","  82.4","24","  74.5","24","1012.1","24","008.4","24","  9.9","24","  5.5","24"," 15.9"," 24.1","  95.0"," ","  75.0"," "," 0.29","G","999.9","010010"
"72205012815","2020-07-13","28.41822","-81.32413","27.1","ORLANDO INTERNATIONAL AIRPORT, FL US","  84.2","24","  73.1","24","1013.2","24","009.6","24","  9.8","24","  6.2","24"," 11.1"," 15.9","  96.1"," ","  75.0"," "," 0.00","G","999.9","000000"
"72205012815","2020-07-14","28.41822","-81.32413","27.1","ORLANDO INTERNATIONAL AIRPORT, FL US","  86.0","24","  75.1","24","1015.6","23","011.9","24"," 10.0","24","  5.8","24"," 20.0"," 25.1","  96.1"," ","  77.0"," "," 0.00","G","999.9","010010"
"72205012815","2020-07-15","28.41822","-81.32413","27.1","ORLANDO INTERNATIONAL AIRPORT, FL US","  81.7","24","  73.9","24","1017.8","20","014.1","24","  9.1","24","  5.1","24"," 18.1"," 49.0","  95.0","*","  75.0","*"," 1.62","G","999.9","010010"
"72205012815","2020-07-16","28.41822","-81.32413","27.1","ORLANDO INTERNATIONAL AIRPORT, FL US","  81.6","24","  73.6","24","1018.4","24","014.8","24"," 10.0","24","  5.6","24"," 12.0","999.9","  95.0"," ","  75.0"," "," 0.31","G","999.9","000000"
"72205012815","2020-07-17","28.41822","-81.32413","27.1","ORLANDO INTERNATIONAL AIRPORT, FL US","  84.3","24","  73.8","24","1019.1","24","015.4","24"," 10.0","24","  6.5","24"," 14.0"," 20.0","  93.0"," ","  75.0"," "," 0.00","G","999.9","010010"
"72205012815","2020-07-18","28.41822","-81.32413","27.1","ORLANDO INTERNATIONAL AIRPORT, FL US","  83.1","24","  74.3","24","1018.4","23","014.8","24"," 10.0","24","  6.6","24"," 15.0"," 27.0","  93.0"," ","  77.0"," "," 0.00","G","999.9","010010"
"72205012815","2020-07-19","28.41822","-81.32413","27.1","ORLANDO INTERNATIONAL AIRPORT, FL US","  84.0","24","  74.5","24","1017.3","24","013.7","24"," 10.0","24","  6.3","24"," 11.1","999.9","  93.0"," ","  77.0"," "," 0.00","G","999.9","000000"
"72205012815","2020-07-20","28.41822","-81.32413","27.1","ORLANDO INTERNATIONAL AIRPORT, FL US","  82.3","24","  74.3","24","1016.8","24","013.2","24"," 10.0","24","  5.0","24"," 17.1"," 21.0","  93.0"," ","  73.9"," "," 0.00","G","999.9","010010"
"72205012815","2020-07-21","28.41822","-81.32413","27.1","ORLANDO INTERNATIONAL AIRPORT, FL US","  82.6","24","  73.5","24","1017.1","22","013.7","24","  9.9","24","  7.2","24"," 13.0"," 26.0","  91.0"," ","  73.9"," "," 0.12","G","999.9","010010"
"72205012815","2020-07-22","28.41822","-81.32413","27.1","ORLANDO INTERNATIONAL AIRPORT, FL US","  81.2","24","  74.3","24","1017.9","23","014.3","24"," 10.0","24","  6.3","24"," 22.0"," 29.9","  91.0"," ","  75.9"," "," 0.17","G","999.9","010010"
"72205012815","2020-07-23","28.41822","-81.32413","27.1","ORLANDO INTERNATIONAL AIRPORT, FL US","  80.2","24","  75.2","24","1018.5","24","014.9","24","  9.8","24","  5.7","24"," 19.0"," 29.9","  89.1"," ","  73.9"," "," 0.08","G","999.9","010010"
"72205012815","2020-07-24","28.41822","-81.32413","27.1","ORLANDO INTERNATIONAL AIRPORT, FL US","  80.9","24","  73.2","24","1019.2","24","015.5","24","  9.9","24","  8.0","24"," 15.0","999.9","  91.0"," ","  73.9"," "," 0.49","G","999.9","000000"
"72205012815","2020-07-25","28.41822","-81.32413","27.1","ORLANDO INTERNATIONAL AIRPORT, FL US","  83.4","24","  74.0","24","1018.4","24","014.7","24"," 10.0","24","  7.4","24"," 14.0"," 19.0","  91.9"," ","  73.9"," "," 0.00","G","999.9","000000"
"72205012815","2020-07-26","28.41822","-81.32413","27.1","ORLANDO INTERNATIONAL AIRPORT, FL US","  82.8","24","  74.0","24","1018.7","24","015.1","24"," 10.0","24","  5.4","24"," 17.1"," 26.0","  91.9"," ","  77.0"," "," 0.00","G","999.9","010010"
"72205012815","2020-07-27","28.41822","-81.32413","27.1","ORLANDO INTERNATIONAL AIRPORT, FL US","  79.9","24","  72.6","24","1019.2","21","015.4","24","  9.6","24","  5.4","24"," 19.0"," 33.0","  93.0"," ","  73.9"," "," 0.00","G","999.9","010010"
"72205012815","2020-07-28","28.41822","-81.32413","27.1","ORLANDO INTERNATIONAL AIRPORT, FL US","  77.7","24","  73.3","24","1018.9","24","015.2","24"," 10.0","24","  3.6","24"," 14.0"," 22.0","  93.0"," ","  73.9"," "," 0.22","G","999.9","010010"
"72205012815","2020-07-29","28.41822","-81.32413","27.1","ORLANDO INTERNATIONAL AIRPORT, FL US","  80.3","24","  73.9","24","1019.3","23","015.6","24"," 10.0","24","  3.3","24","  9.9","999.9","  91.9"," ","  73.9"," "," 0.11","G","999.9","010010"
"72205012815","2020-07-30","28.41822","-81.32413","27.1","ORLANDO INTERNATIONAL AIRPORT, FL US","  82.2","24","  73.4","24","1018.3","24","014.7","24","  9.9","24","  3.8","24","  7.0","999.9","  93.9"," ","  75.0"," "," 0.22","G","999.9","010010"
"72205012815","2020-07-31","28.41822","-81.32413","27.1","ORLANDO INTERNATIONAL AIRPORT, FL US","  83.5","24","  74.8","24","1016.5","23","012.9","24"," 10.0","24","  4.0","24"," 15.0","999.9","  93.9"," ","  75.0"," "," 0.01","G","999.9","010010"
"72205012815","2020-08-01","28.41822","-81.32413","27.1","ORLANDO INTERNATIONAL AIRPORT, FL US","  84.9","24","  74.0","24","1015.4","23","011.8","24","  9.9","24","  5.7","24"," 14.0"," 18.1","  93.9"," ","  75.9"," "," 0.00","G","999.9","000000"
"72205012815","2020-08-02","28.41822","-81.32413","27.1","ORLANDO INTERNATIONAL AIRPORT, FL US","  82.7","24","  75.4","24","1012.3","23","008.8","24","  9.6","24"," 11.0","24"," 20.0"," 24.1","  93.9"," ","  78.1"," "," 0.00","G","999.9","010010"
"72205012815","2020-08-03","28.41822","-81.32413","27.1","ORLANDO INTERNATIONAL AIRPORT, FL US","  83.7","24","  73.1","24","1011.2","24","007.6","24"," 10.0","24"," 10.0","24"," 15.0"," 17.1","  93.9"," ","  77.0"," "," 0.08","G","999.9","000000"
"72205012815","2020-08-04","28.41822","-81.32413","27.1","ORLANDO INTERNATIONAL AIRPORT, FL US","  84.8","24","  75.2","24","1014.1","23","010.5","24","  9.8","24","  3.8","24"," 20.0"," 24.1","  93.9"," ","  75.0"," "," 0.00","G","999.9","010010"
"72205012815","2020-08-05","28.41822","-81.32413","27.1","ORLANDO INTERNATIONAL AIRPORT, FL US","  78.6","24","  74.7","24","1015.8","24","012.3","24","  9.6","24","  3.5","24"," 24.1"," 32.1","  93.0"," ","  73.0"," "," 0.53","G","999.9","110010"
"72205012815","2020-08-06","28.41822","-81.32413","27.1","ORLANDO INTERNATIONAL AIRPORT, FL US","  81.7","24","  74.1","24","1016.4","24","012.8","24","  9.8","24","  2.0","24"," 33.0"," 55.0","  93.0"," ","  73.0"," "," 1.14","G","999.9","010010"
"72205012815","2020-08-07","28.41822","-81.32413","27.1","ORLANDO INTERNATIONAL AIRPORT, FL US","  81.4","24","  74.4","24","1018.0","24","014.4","24","  9.7","24","  3.7","24"," 15.0","999.9","  93.9"," ","  73.0"," "," 0.97","G","999.9","010010"
"72205012815","2020-08-08","28.41822","-81.32413","27.1","ORLANDO INTERNATIONAL AIRPORT, FL US","  82.3","24","  72.5","24","1020.2","24","016.5","24"," 10.0","24","  2.9","24"," 12.0","999.9","  95.0"," ","  75.0"," "," 0.00","G","999.9","010010"
"72205012815","2020-08-09","28.41822","-81.32413","27.1","ORLANDO INTERNATIONAL AIRPORT, FL US","  84.7","24","  75.2","24","1020.6","22","017.0","24","  9.6","24","  4.6","24"," 28.9"," 45.1","  95.0"," ","  72.0"," "," 0.00","G","999.9","010010"
"72205012815","2020-08-10","28.41822","-81.32413","27.1","ORLANDO INTERNATIONAL AIRPORT, FL US","  82.8","24","  74.9","24","1019.3","22","015.6","24","  9.8","24","  3.3","24"," 13.0","999.9","  95.0"," ","  72.0"," "," 1.34","G","999.9","010010"
"72205012815","2020-08-11","28.41822","-81.32413","27.1","ORLANDO INTERNATIONAL AIRPORT, FL US","  82.6","24","  73.8","24","1016.9","21","013.3","24"," 10.0","24","  3.4","24"," 13.0","999.9","  95.0"," ","  75.9"," "," 0.00","G","999.9","010010"
"72205012815","2020-08-12","28.41822","-81.32413","27.1","ORLANDO INTERNATIONAL AIRPORT, FL US","  80.7","24","  73.9","24","1016.5","24","012.9","24"," 10.0","24","  3.0","24"," 14.0"," 22.9","  95.0"," ","  75.0"," "," 0.00","G","999.9","010010"
"72205012815","2020-08-13","28.41822","-81.32413","27.1","ORLANDO INTERNATIONAL AIRPORT, FL US","  82.9","24","  75.1","24","1016.6","24","013.0","24","  9.9","24","  4.6","24"," 21.0"," 26.0","  93.0"," ","  75.0"," "," 0.13","G","999.9","010010"
"72205012815","2020-08-14","28.41822","-81.32413","27.1","ORLANDO INTERNATIONAL AIRPORT, FL US","  84.3","24","  74.2","24","1015.6","24","011.9","24"," 10.0","24","  4.2","24"," 15.0"," 17.1","  93.9"," ","  77.0"," "," 0.18","G","999.9","010010"
"72205012815","2020-08-15","28.41822","-81.32413","27.1","ORLANDO INTERNATIONAL AIRPORT, FL US","  81.7","24","  74.4","24","1014.6","22","011.0","24"," 10.0","24","  5.2","24"," 15.0"," 17.1","  93.9"," ","  77.0"," "," 0.00","G","999.9","010010"
"72205012815","2020-08-16","28.41822","-81.32413","27.1","ORLANDO INTERNATIONAL AIRPORT, FL US","  81.7","24","  75.8","24","1014.0","24","010.4","24"," 10.0","24","  3.8","24"," 12.0","999.9","  93.0"," ","  77.0"," "," 0.31","G","999.9","010010"
"72205012815","2020-08-17","28.41822","-81.32413","27.1","ORLANDO INTERNATIONAL AIRPORT, FL US","  80.9","24","  74.9","24","1014.4","24","010.8","24","  9.7","24","  3.7","24"," 20.0"," 32.1","  91.0"," ","  73.9"," "," 0.74","G","999.9","010010"
"72205012815","2020-08-18","28.41822","-81.32413","27.1","ORLANDO INTERNATIONAL AIRPORT, FL US","  79.4","24","  74.2","24","1014.0","21","010.3","24","  9.8","24","  4.7","24"," 15.0"," 24.1","  91.0"," ","  73.9"," "," 0.04","G","999.9","010010"
"72205012815","2020-08-19","28.41822","-81.32413","27.1","ORLANDO INTERNATIONAL AIRPORT, FL US","  78.7","24","  73.0","24","1012.8","24","009.2","24"," 10.0","24","  4.8","24","  9.9","999.9","  91.0"," ","  73.0"," "," 0.17","G","999.9","000000"
"72205012815","2020-08-20","28.41822","-81.32413","27.1","ORLANDO INTERNATIONAL AIRPORT, FL US","  79.8","24","  72.7","24","1012.9","23","009.4","24"," 10.0","24","  4.8","24"," 17.1"," 28.0","  90.0"," ","  73.0"," "," 0.00","G","999.9","010010"
"72205012815","2020-08-21","28.41822","-81.32413","27.1","ORLANDO INTERNATIONAL AIRPORT, FL US","  78.6","24","  73.7","24","1014.0","24","010.4","24"," 10.0","24","  5.4","24"," 18.1"," 22.0","  91.0"," ","  73.9"," "," 0.11","G","999.9","010000"
"72205012815","2020-08-22","28.41822","-81.32413","27.1","ORLANDO INTERNATIONAL AIRPORT, FL US","  80.6","24","  75.0","24","1014.7","24","011.0","24"," 10.0","24","  4.7","24","  8.9","999.9","  93.0"," ","  73.9"," "," 0.10","G","999.9","010000"
"72205012815","2020-08-23","28.41822","-81.32413","27.1","ORLANDO INTERNATIONAL AIRPORT, FL US","  82.5","24","  76.0","24","1015.8","22","012.4","24","  9.3","24","  7.0","24"," 15.0"," 21.0","  93.9"," ","  75.0"," "," 0.13","G","999.9","010000"
"72205012815","2020-08-24","28.41822","-81.32413","27.1","ORLANDO INTERNATIONAL AIRPORT, FL US","  85.0","24","  77.2","24","1015.4","24","011.8","24","  9.8","24"," 10.2","24"," 20.0"," 25.1","  93.9"," ","  77.0"," "," 0.27","G","999.9","010010"
"72205012815","2020-08-25","28.41822","-81.32413","27.1","ORLANDO INTERNATIONAL AIRPORT, FL US","  86.0","24","  77.4","24","1016.0","24","012.4","24","  9.8","24","  9.1","24"," 15.0"," 17.1","  93.9"," ","  79.0"," "," 0.21","G","999.9","000000"
"72205012815","2020-08-26","28.41822","-81.32413","27.1","ORLANDO INTERNATIONAL AIRPORT, FL US","  85.5","24","  76.3","24","1016.3","24","012.7","24","  9.9","24","  7.3","24"," 13.0"," 17.1","  93.9"," ","  79.0"," "," 0.00","G","999.9","000000"
"72205012815","2020-08-27","28.41822","-81.32413","27.1","ORLANDO INTERNATIONAL AIRPORT, FL US","  83.6","24","  76.9","24","1016.9","23","013.2","24"," 10.0","24","  5.9","24"," 11.1"," 15.0","  93.9"," ","  79.0"," "," 0.00","G","999.9","010010"
"72205012815","2020-08-28","28.41822","-81.32413","27.1","ORLANDO INTERNATIONAL AIRPORT, FL US","  83.5","24","  75.6","24","1017.4","22","013.6","24"," 10.0","24","  4.3","24"," 12.0","999.9","  93.9"," ","  77.0"," "," 0.14","G","999.9","010010"
"72205012815","2020-08-29","28.41822","-81.32413","27.1","ORLANDO INTERNATIONAL AIRPORT, FL US","  83.8","24","  76.1","24","1016.1","24","012.5","24","  9.9","24","  5.1","24"," 11.1","999.9","  93.9"," ","  77.0"," "," 0.00","G","999.9","010010"
"72205012815","2020-08-30","28.41822","-81.32413","27.1","ORLANDO INTERNATIONAL AIRPORT, FL US","  79.0","24","  75.5","24","1013.8","23","010.3","24","  9.4","24","  6.4","24"," 18.1"," 27.0","  93.9"," ","  75.9"," "," 0.03","G","999.9","110000"
"72205012815","2020-08-31","28.41822","-81.32413","27.1","ORLANDO INTERNATIONAL AIRPORT, FL US","  77.6","24","  73.9","24","1014.0","20","010.6","24","  9.1","24","  5.6","24"," 17.1"," 24.1","  89.1"," ","  73.0"," "," 0.35","G","999.9","010010"
"72205012815","2020-09-01","28.41822","-81.32413","27.1","ORLANDO INTERNATIONAL AIRPORT, FL US","  80.8","24","  74.1","24","1016.2","24","012.5","24"," 10.0","24","  5.3","24"," 13.0","999.9","  93.0"," ","  73.0"," "," 0.66","G","999.9","000000"
"72205012815","2020-09-02","28.41822","-81.32413","27.1","ORLANDO INTERNATIONAL AIRPORT, FL US","  83.6","24","  75.6","24","1016.3","23","012.7","24"," 10.0","24","  3.2","24"," 13.0"," 19.0","  95.0"," ","  73.9"," "," 0.00","G","999.9","010010"
"72205012815","2020-09-03","28.41822","-81.32413","27.1","ORLANDO INTERNATIONAL AIRPORT, FL US","  83.9","24","  75.1","24","1015.8","24","012.2","24","  9.9","24","  4.0","24","  8.9","999.9","  96.1"," ","  77.0"," "," 0.15","G","999.9","110000"
"72205012815","2020-09-04","28.41822","-81.32413","27.1","ORLANDO INTERNATIONAL AIRPORT, FL US","  84.1","24","  76.5","24","1017.1","24","013.4","24","  9.8","24","  3.8","24"," 17.1"," 22.9","  96.1"," ","  77.0"," "," 0.00","G","999.9","010010"
"72205012815","2020-09-05","28.41822","-81.32413","27.1","ORLANDO INTERNATIONAL AIRPORT, FL US","  84.8","24","  75.6","24","1018.7","24","015.1","24"," 10.0","24","  2.9","24"," 13.0"," 18.1","  96.1"," ","  78.1"," "," 0.11","G","999.9","000000"
"72205012815","2020-09-06","28.41822","-81.32413","27.1","ORLANDO INTERNATIONAL AIRPORT, FL US","  83.8","24","  75.6","24","1017.0","24","013.3","24"," 10.0","24","  5.6","24"," 13.0","999.9","  95.0"," ","  77.0"," "," 0.00","G","999.9","010010"
"72205012815","2020-09-07","28.41822","-81.32413","27.1","ORLANDO INTERNATIONAL AIRPORT, FL US","  80.0","24","  73.8","24","1013.5","22","009.8","24","  9.9","24","  5.1","24"," 15.9"," 28.0","  93.0"," ","  73.9"," "," 0.00","G","999.9","010010"
"72205012815","2020-09-08","28.41822","-81.32413","27.1","ORLANDO INTERNATIONAL AIRPORT, FL US","  79.6","24","  73.7","24","1011.8","24","008.1","24"," 10.0","24","  5.1","24"," 18.1"," 22.9","  91.9"," ","  73.9"," "," 0.16","G","999.9","010010"
"72205012815","2020-09-09","28.41822","-81.32413","27.1","ORLANDO INTERNATIONAL AIRPORT, FL US","  79.8","24","  74.6","24","1013.9","21","010.3","24","  9.1","24","  3.9","24"," 22.9"," 28.9","  90.0","*","  73.0","*"," 0.00","G","999.9","110010"
"72205012815","2020-09-10","28.41822","-81.32413","27.1","ORLANDO INTERNATIONAL AIRPORT, FL US","  79.5","24","  75.0","24","1017.0","23","013.3","24"," 10.0","24","  4.7","24","  9.9","999.9","  91.9"," ","  73.0"," "," 4.05","G","999.9","010010"
"72205012815","2020-09-11","28.41822","-81.32413","27.1","ORLANDO INTERNATIONAL AIRPORT, FL US","  81.9","24","  76.4","24","1014.3","22","010.6","24"," 10.0","24","  6.2","24"," 13.0","999.9","  91.0"," ","  75.0"," "," 0.00","G","999.9","010010"
"72205012815","2020-09-12","28.41822","-81.32413","27.1","ORLANDO INTERNATIONAL AIRPORT, FL US","  79.8","24","  75.9","24","1011.1","22","007.7","24"," 10.0","24","  8.3","24"," 14.0"," 19.0","  91.0"," ","  75.9"," "," 0.14","G","999.9","010010"
"72205012815","2020-09-13","28.41822","-81.32413","27.1","ORLANDO INTERNATIONAL AIRPORT, FL US","  78.0","24","  74.8","24","1012.2","22","008.5","24","  9.3","24","  7.8","24"," 13.0"," 21.0","  86.0"," ","  75.0"," "," 0.35","G","999.9","010010"
"72205012815","2020-09-14","28.41822","-81.32413","27.1","ORLANDO INTERNATIONAL AIRPORT, FL US","  79.5","24","  75.9","24","1014.7","23","011.1","24","  9.6","24","  6.6","24"," 13.0"," 21.0","  89.1"," ","  75.0"," "," 0.39","G","999.9","010010"
"72205012815","2020-09-15","28.41822","-81.32413","27.1","ORLANDO INTERNATIONAL AIRPORT, FL US","  80.8","24","  75.4","24","1016.0","24","012.5","24"," 10.0","24","  4.3","24","  8.0","999.9","  90.0"," ","  75.0"," "," 0.93","G","999.9","000000"
"72205012815","2020-09-16","28.41822","-81.32413","27.1","ORLANDO INTERNATIONAL AIRPORT, FL US","  81.6","24","  74.4","24","1014.5","24","010.8","24"," 10.0","24","  6.7","24"," 13.0"," 18.1","  91.9"," ","  75.0"," "," 0.00","G","999.9","000000"
"72205012815","2020-09-17","28.41822","-81.32413","27.1","ORLANDO INTERNATIONAL AIRPORT, FL US","  81.2","24","  75.1","24","1012.4","20","008.5","24"," 10.0","24","  9.2","24"," 22.9"," 32.1","  91.9"," ","  75.0"," "," 0.00","G","999.9","010010"
"72205012815","2020-09-18","28.41822","-81.32413","27.1","ORLANDO INTERNATIONAL AIRPORT, FL US","  82.3","24","  75.1","24","1011.1","22","007.5","24"," 10.0","24","  7.6","24"," 15.0"," 18.1","  91.9"," ","  77.0"," "," 0.48","G","999.9","000000"
"72205012815","2020-09-19","28.41822","-81.32413","27.1","ORLANDO INTERNATIONAL AIRPORT, FL US","  81.6","24","  72.2","24","1012.8","23","009.2","24"," 10.0","24","  6.6","24"," 15.0"," 21.0","  91.0"," ","  73.9"," "," 0.00","G","999.9","010000"
"72205012815","2020-09-20","28.41822","-81.32413","27.1","ORLANDO INTERNATIONAL AIRPORT, FL US","  77.8","24","  75.9","24","1014.0","14","010.2","24","  7.3","24"," 12.3","24"," 18.1"," 26.0","  91.0"," ","  73.9"," "," 0.43","G","999.9","010010"
"72205012815","2020-09-21","28.41822","-81.32413","27.1","ORLANDO INTERNATIONAL AIRPORT, FL US","  80.3","24","  68.0","24","1017.2","24","013.6","24","  9.9","24"," 15.1","24"," 22.0"," 29.9","  86.0"," ","  75.9"," "," 1.09","G","999.9","010000"
"72205012815","2020-09-22","28.41822","-81.32413","27.1","ORLANDO INTERNATIONAL AIRPORT, FL US","  77.2","24","  66.9","24","1017.9","24","014.2","24"," 10.0","24"," 11.1","24"," 20.0"," 26.0","  87.1"," ","  72.0"," "," 0.00","G","999.9","010000"
"72205012815","2020-09-23","28.41822","-81.32413","27.1","ORLANDO INTERNATIONAL AIRPORT, FL US","  76.5","24","  65.5","24","1016.5","24","012.9","24"," 10.0","24","  6.5","24"," 11.1","999.9","  87.1"," ","  69.1"," "," 0.00","G","999.9","000000"
"72205012815","2020-09-24","28.41822","-81.32413","27.1","ORLANDO INTERNATIONAL AIRPORT, FL US","  79.2","24","  69.5","24","1015.0","24","011.4","24"," 10.0","24","  5.6","24"," 11.1"," 15.0","  90.0"," ","  69.1"," "," 0.00","G","999.9","000000"
"72205012815","2020-09-25","28.41822","-81.32413","27.1","ORLANDO INTERNATIONAL AIRPORT, FL US","  81.3","24","  73.9","24","1014.5","24","010.9","24"," 10.0","24","  3.5","24"," 11.1","999.9","  93.9"," ","  72.0"," "," 0.00","G","999.9","000000"
"72205012815","2020-09-26","28.41822","-81.32413","27.1","ORLANDO INTERNATIONAL AIRPORT, FL US","  81.9","24","  74.2","24","1015.0","24","011.3","24"," 10.0","24","  3.7","24","  9.9","999.9","  93.9"," ","  73.9"," "," 0.00","G","999.9","010010"
"72205012815","2020-09-27","28.41822","-81.32413","27.1","ORLANDO INTERNATIONAL AIRPORT, FL US","  82.4","24","  75.4","24","1014.0","23","010.5","24"," 10.0","24","  4.5","24"," 13.0","999.9","  93.9"," ","  73.9"," "," 0.00","G","999.9","010010"
"72205012815","2020-09-28","28.41822","-81.32413","27.1","ORLANDO INTERNATIONAL AIRPORT, FL US","  78.2","24","  74.7","24","1012.8","20","009.3","24","  9.5","24","  3.6","24"," 17.1"," 24.1","  91.9"," ","  73.0"," "," 1.51","G","999.9","010010"
"72205012815","2020-09-29","28.41822","-81.32413","27.1","ORLANDO INTERNATIONAL AIRPORT, FL US","  77.1","24","  74.3","24","1011.7","18","008.0","24","  9.6","24","  5.1","24"," 12.0"," 20.0","  89.1"," ","  73.9"," "," 0.19","G","999.9","010010"
"72205012815","2020-09-30","28.41822","-81.32413","27.1","ORLANDO INTERNATIONAL AIRPORT, FL US","  71.6","24","  64.3","24","1015.4","19","011.3","24"," 10.0","24","  8.4","24"," 13.0","999.9","  89.1"," ","  64.0"," "," 0.76","G","999.9","010000"
"72205012815","2020-10-01","28.41822","-81.32413","27.1","ORLANDO INTERNATIONAL AIRPORT, FL US","  73.8","24","  61.4","24","1015.9","24","012.3","24"," 10.0","24","  7.3","24"," 11.1","999.9","  82.9"," ","  64.0"," "," 0.00","G","999.9","000000"
"72205012815","2020-10-02","28.41822","-81.32413","27.1","ORLANDO INTERNATIONAL AIRPORT, FL US","  74.4","24","  63.0","24","1014.9","24","011.2","24"," 10.0","24","  5.0","24","  8.9","999.9","  82.9"," ","  66.9"," "," 0.00","G","999.9","000000"
"72205012815","2020-10-03","28.41822","-81.32413","27.1","ORLANDO INTERNATIONAL AIRPORT, FL US","  73.6","24","  67.1","24","1015.2","23","011.6","24","  9.9","24","  8.4","24"," 13.0","999.9","  82.9"," ","  66.9"," "," 0.00","G","999.9","010000"
"72205012815","2020-10-04","28.41822","-81.32413","27.1","ORLANDO INTERNATIONAL AIRPORT, FL US","  73.9","24","  71.9","24","1015.5","17","011.9","24"," 10.0","24","  6.6","24"," 12.0"," 17.1","  80.1"," ","  68.0"," "," 0.09","G","999.9","010000"
"72205012815","2020-10-05","28.41822","-81.32413","27.1","ORLANDO INTERNATIONAL AIRPORT, FL US","  77.6","24","  73.2","24","1015.0","23","011.5","24"," 10.0","24","  8.8","24"," 13.0","999.9","  86.0"," ","  71.1"," "," 0.01","G","999.9","000000"
"72205012815","2020-10-06","28.41822","-81.32413","27.1","ORLANDO INTERNATIONAL AIRPORT, FL US","  81.0","24","  75.2","24","1014.8","24","011.2","24"," 10.0","24","  7.1","24"," 15.9","999.9","  91.9"," ","  73.0"," "," 0.00","G","999.9","000000"
"72205012815","2020-10-07","28.41822","-81.32413","27.1","ORLANDO INTERNATIONAL AIRPORT, FL US","  82.1","24","  75.8","24","1015.2","22","011.5","24"," 10.0","24","  5.8","24","  9.9","999.9","  93.0"," ","  73.9"," "," 0.00","G","999.9","100010"
"72205012815","2020-10-08","28.41822","-81.32413","27.1","ORLANDO INTERNATIONAL AIRPORT, FL US","  82.0","24","  73.5","24","1016.3","24","012.6","24","  9.9","24","  4.5","24","  9.9","999.9","  93.0"," ","  75.0"," "," 0.10","G","999.9","100000"
"72205012815","2020-10-09","28.41822","-81.32413","27.1","ORLANDO INTERNATIONAL AIRPORT, FL US","  80.4","24","  74.1","24","1017.1","24","013.4","24"," 10.0","24","  6.2","24"," 14.0"," 15.0","  91.0"," ","  75.0"," "," 0.00","G","999.9","010000"
"72205012815","2020-10-10","28.41822","-81.32413","27.1","ORLANDO INTERNATIONAL AIRPORT, FL US","  80.7","24","  73.9","24","1015.5","24","011.9","24"," 10.0","24","  7.5","24"," 13.0"," 17.1","  91.9"," ","  73.9"," "," 0.04","G","999.9","000000"
"72205012815","2020-10-11","28.41822","-81.32413","27.1","ORLANDO INTERNATIONAL AIRPORT, FL US","  79.6","24","  75.1","24","1013.2","22","009.5","24","  9.5","24","  6.4","24"," 12.0","999.9","  91.9"," ","  73.9"," "," 0.00","G","999.9","010010"
"72205012815","2020-10-12","28.41822","-81.32413","27.1","ORLANDO INTERNATIONAL AIRPORT, FL US","  79.6","24","  71.4","24","1013.6","23","009.9","24","  9.9","24","  4.9","24"," 12.0","999.9","  91.0"," ","  72.0"," "," 0.65","G","999.9","100000"
"72205012815","2020-10-13","28.41822","-81.32413","27.1","ORLANDO INTERNATIONAL AIRPORT, FL US","  78.9","24","  69.8","24","1014.5","24","010.9","24"," 10.0","24","  5.6","24"," 11.1","999.9","  88.0"," ","  72.0"," "," 0.00","G","999.9","000000"
"72205012815","2020-10-14","28.41822","-81.32413","27.1","ORLANDO INTERNATIONAL AIRPORT, FL US","  78.7","24","  69.2","24","1014.8","24","011.2","24"," 10.0","24","  4.0","24","  9.9","999.9","  90.0"," ","  70.0"," "," 0.00","G","999.9","100000"
"72205012815","2020-10-15","28.41822","-81.32413","27.1","ORLANDO INTERNATIONAL AIRPORT, FL US","  79.2","24","  70.3","24","1014.9","24","011.2","24"," 10.0","24","  3.3","24","  8.9","999.9","  90.0"," ","  70.0"," "," 0.00","G","999.9","000000"
"72205012815","2020-10-16","28.41822","-81.32413","27.1","ORLANDO INTERNATIONAL AIRPORT, FL US","  80.1","24","  71.2","24","1015.6","24","012.0","24"," 10.0","24","  4.7","24","  8.9","999.9","  90.0"," ","  71.1"," "," 0.00","G","999.9","000000"
"72205012815","2020-10-17","28.41822","-81.32413","27.1","ORLANDO INTERNATIONAL AIRPORT, FL US","  78.0","24","  68.7","24","1018.4","24","014.8","24"," 10.0","24","  8.5","24"," 15.9"," 19.0","  90.0"," ","  71.1"," "," 0.00","G","999.9","000000"
"72205012815","2020-10-18","28.41822","-81.32413","27.1","ORLANDO INTERNATIONAL AIRPORT, FL US","  75.6","24","  70.8","24","1019.0","21","015.3","24","  9.6","24","  9.4","24"," 19.0"," 26.0","  87.1"," ","  71.1"," "," 0.24","G","999.9","010000"
"72205012815","2020-10-19","28.41822","-81.32413","27.1","ORLANDO INTERNATIONAL AIRPORT, FL US","  75.5","24","  71.0","24","1017.3","20","013.8","24","  9.3","24","  8.3","24"," 15.9","999.9","  86.0"," ","  71.1"," "," 0.02","G","999.9","010010"
"72205012815","2020-10-20","28.41822","-81.32413","27.1","ORLANDO INTERNATIONAL AIRPORT, FL US","  78.1","24","  73.1","24","1016.0","24","012.3","24"," 10.0","24","  7.9","24"," 15.0"," 19.0","  86.0"," ","  71.1"," "," 0.99","G","999.9","000000"
"72205012815","2020-10-21","28.41822","-81.32413","27.1","ORLANDO INTERNATIONAL AIRPORT, FL US","  77.7","24","  71.9","24","1016.1","24","012.4","24"," 10.0","24","  8.1","24"," 15.9","999.9","  86.0"," ","  73.0"," "," 0.03","G","999.9","010000"
"72205012815","2020-10-22","28.41822","-81.32413","27.1","ORLANDO INTERNATIONAL AIRPORT, FL US","  76.6","24","  72.0","24","1016.2","24","012.6","24","  9.7","24","  6.2","24"," 14.0"," 25.1","  86.0"," ","  73.0"," "," 0.22","D","999.9","010000"
"72205012815","2020-10-23","28.41822","-81.32413","27.1","ORLANDO INTERNATIONAL AIRPORT, FL US","  75.7","24","  71.5","24","1016.2","23","012.5","24","  9.4","24","  6.4","24"," 15.0"," 20.0","  86.0"," ","  72.0"," "," 0.24","B","999.9","010000"
"72205012815","2020-10-24","28.41822","-81.32413","27.1","ORLANDO INTERNATIONAL AIRPORT, FL US","  76.1","24","  70.6","24","1014.4","24","010.7","24"," 10.0","24","  5.0","24","  9.9","999.9","  86.0"," ","  70.0"," "," 0.00","I","999.9","000000"
"72205012815","2020-10-25","28.41822","-81.32413","27.1","ORLANDO INTERNATIONAL AIRPORT, FL US","  78.2","24","  72.3","24","1012.0","24","008.4","24"," 10.0","24","  3.8","24"," 11.1","999.9","  88.0"," ","  70.0"," "," 0.00","G","999.9","000000"
"72205012815","2020-10-26","28.41822","-81.32413","27.1","ORLANDO INTERNATIONAL AIRPORT, FL US","  77.8","24","  72.8","24","1014.8","21","011.3","24"," 10.0","24","  5.9","24"," 14.0","999.9","  89.1"," ","  71.1"," "," 0.00","G","999.9","010000"
"72205012815","2020-10-27","28.41822","-81.32413","27.1","ORLANDO INTERNATIONAL AIRPORT, FL US","  79.9","24","  74.1","24","1018.0","24","014.3","24"," 10.0","24","  7.7","24"," 13.0"," 17.1","  89.1"," ","  71.1"," "," 0.00","G","999.9","000000"
"72205012815","2020-10-28","28.41822","-81.32413","27.1","ORLANDO INTERNATIONAL AIRPORT, FL US","  79.7","24","  73.8","24","1017.3","24","013.7","24"," 10.0","24","  6.6","24"," 12.0","999.9","  90.0"," ","  73.9"," "," 0.00","G","999.9","000000"
"72205012815","2020-10-29","28.41822","-81.32413","27.1","ORLANDO INTERNATIONAL AIRPORT, FL US","  80.2","24","  73.6","24","1013.6","24","010.1","24"," 10.0","24","  9.5","24"," 17.1"," 21.0","  91.0"," ","  73.0"," "," 0.00","G","999.9","000000"
"72205012815","2020-10-30","28.41822","-81.32413","27.1","ORLANDO INTERNATIONAL AIRPORT, FL US","  75.2","24","  61.2","24","1014.3","23","010.5","24"," 10.0","24","  7.7","24"," 14.0"," 24.1","  91.0"," ","  66.9"," "," 0.00","G","999.9","000000"
"72205012815","2020-10-31","28.41822","-81.32413","27.1","ORLANDO INTERNATIONAL AIRPORT, FL US","  71.4","24","  61.6","24","1019.2","24","015.6","24"," 10.0","24","  7.6","24"," 11.1","999.9","  86.0"," ","  61.0"," "," 0.00","G","999.9","000000"
"72205012815","2020-11-01","28.41822","-81.32413","27.1","ORLANDO INTERNATIONAL AIRPORT, FL US","  77.2","24","  70.9","24","1018.8","23","015.4","24","  9.8","24","  5.4","24","  8.9","999.9","  86.0"," ","  61.0"," "," 0.00","G","999.9","010000"
"72205012815","2020-11-02","28.41822","-81.32413","27.1","ORLANDO INTERNATIONAL AIRPORT, FL US","  69.0","24","  58.8","24","1020.1","22","016.1","24","  9.0","24"," 13.7","24"," 22.9"," 27.0","  84.9"," ","  60.1"," "," 2.18","G","999.9","010010"
"72205012815","2020-11-03","28.41822","-81.32413","27.1","ORLANDO INTERNATIONAL AIRPORT, FL US","  64.8","24","  52.3","24","1023.2","24","019.6","24"," 10.0","24"," 10.8","24"," 15.0"," 20.0","  78.1"," ","  55.0"," "," 0.00","G","999.9","000000"
"72205012815","2020-11-04","28.41822","-81.32413","27.1","ORLANDO INTERNATIONAL AIRPORT, FL US","  68.1","24","  57.2","24","1024.1","24","020.4","24"," 10.0","24","  9.3","24"," 17.1"," 22.9","  80.1"," ","  55.0"," "," 0.00","G","999.9","000000"
"72205012815","2020-11-05","28.41822","-81.32413","27.1","ORLANDO INTERNATIONAL AIRPORT, FL US","  72.6","24","  65.0","24","1022.2","24","018.5","24"," 10.0","24","  9.2","24"," 14.0"," 21.0","  84.0"," ","  60.1"," "," 0.00","G","999.9","000000"
"72205012815","2020-11-06","28.41822","-81.32413","27.1","ORLANDO INTERNATIONAL AIRPORT, FL US","  73.4","24","  67.0","24","1018.2","24","014.6","24"," 10.0","24","  8.7","24"," 15.0"," 20.0","  84.0"," ","  66.0"," "," 0.02","G","999.9","000000"
"72205012815","2020-11-07","28.41822","-81.32413","27.1","ORLANDO INTERNATIONAL AIRPORT, FL US","  75.4","24","  68.7","24","1016.3","24","012.7","24"," 10.0","24"," 11.6","24"," 21.0"," 27.0","  84.9"," ","  66.0"," "," 0.00","G","999.9","000000"
"72205012815","2020-11-08","28.41822","-81.32413","27.1","ORLANDO INTERNATIONAL AIRPORT, FL US","  75.8","24","  69.2","24","1014.3","23","010.7","24","  9.6","24"," 13.1","24"," 19.0"," 26.0","  84.9"," ","  70.0"," "," 0.08","G","999.9","010000"
"72205012815","2020-11-09","28.41822","-81.32413","27.1","ORLANDO INTERNATIONAL AIRPORT, FL US","  76.7","24","  72.8","24","1011.5","22","007.8","24","  8.5","24"," 16.0","24"," 21.0"," 29.9","  80.1"," ","  70.0"," "," 0.01","G","999.9","010000"
"72205012815","2020-11-10","28.41822","-81.32413","27.1","ORLANDO INTERNATIONAL AIRPORT, FL US","  76.7","24","  74.2","24","1011.6","21","008.0","24","  8.9","24"," 10.0","24"," 18.1"," 26.0","  82.0"," ","  75.0"," "," 0.74","G","999.9","010000"
"72205012815","2020-11-11","28.41822","-81.32413","27.1","ORLANDO INTERNATIONAL AIRPORT, FL US","  77.7","24","  75.0","24","1010.3","22","007.0","24","  9.7","24"," 10.7","24"," 15.9"," 25.1","  84.9"," ","  75.0"," "," 0.27","G","999.9","010010"
"72205012815","2020-11-12","28.41822","-81.32413","27.1","ORLANDO INTERNATIONAL AIRPORT, FL US","  76.2","24","  73.7","24","1009.9","17","006.2","24","  9.1","24"," 14.0","24"," 18.1"," 27.0","  84.9"," ","  73.0"," "," 0.28","G","999.9","010000"
"72205012815","2020-11-13","28.41822","-81.32413","27.1","ORLANDO INTERNATIONAL AIRPORT, FL US","  73.7","24","  70.4","24","1015.5","19","011.5","24"," 10.0","24","  4.9","24","  8.0","999.9","  82.0"," ","  69.1"," "," 0.39","G","999.9","000000"
"72205012815","2020-11-14","28.41822","-81.32413","27.1","ORLANDO INTERNATIONAL AIRPORT, FL US","  73.3","24","  68.9","24","1018.1","24","014.4","24"," 10.0","24","  7.5","24"," 12.0","999.9","  82.0"," ","  68.0"," "," 0.00","G","999.9","000000"
"72205012815","2020-11-15","28.41822","-81.32413","27.1","ORLANDO INTERNATIONAL AIRPORT, FL US","  75.2","24","  70.7","24","1018.1","24","014.5","24"," 10.0","24","  5.1","24","  9.9","999.9","  84.9"," ","  68.0"," "," 0.00","G","999.9","000000"
"72205012815","2020-11-16","28.41822","-81.32413","27.1","ORLANDO INTERNATIONAL AIRPORT, FL US","  74.5","24","  69.8","24","1019.1","20","015.4","24","  9.6","24","  6.7","24"," 12.0"," 17.1","  84.9"," ","  69.1"," "," 1.07","G","999.9","010000"
"72205012815","2020-11-17","28.41822","-81.32413","27.1","ORLANDO INTERNATIONAL AIRPORT, FL US","  67.4","24","  56.0","24","1022.2","24","018.5","24"," 10.0","24","  8.9","24"," 14.0","999.9","  80.1"," ","  59.0"," "," 0.00","G","999.9","000000"
"72205012815","2020-11-18","28.41822","-81.32413","27.1","ORLANDO INTERNATIONAL AIRPORT, FL US","  63.5","24","  50.2","24","1025.3","24","021.6","24"," 10.0","24"," 10.7","24"," 20.0"," 28.0","  75.9"," ","  55.0"," "," 0.00","G","999.9","000000"
"72205012815","2020-11-19","28.41822","-81.32413","27.1","ORLANDO INTERNATIONAL AIRPORT, FL US","  66.4","24","  55.4","24","1027.6","24","023.9","24"," 10.0","24"," 10.7","24"," 20.0"," 24.1","  75.9"," ","  55.0"," "," 0.00","G","999.9","000000"
"72205012815","2020-11-20","28.41822","-81.32413","27.1","ORLANDO INTERNATIONAL AIRPORT, FL US","  68.5","24","  61.8","24","1026.9","24","023.2","24","  9.9","24","  8.7","24"," 15.0"," 21.0","  79.0"," ","  59.0"," "," 0.00","G","999.9","010000"
"72205012815","2020-11-21","28.41822","-81.32413","27.1","ORLANDO INTERNATIONAL AIRPORT, FL US","  68.8","24","  65.2","24","1023.6","24","020.0","24","  9.8","24","  7.9","24"," 15.0"," 24.1","  79.0"," ","  61.0"," "," 0.00","G","999.9","010000"
"72205012815","2020-11-22","28.41822","-81.32413","27.1","ORLANDO INTERNATIONAL AIRPORT, FL US","  69.7","24","  66.3","24","1019.3","18","015.8","24"," 10.0","24","  5.9","24","  8.9","999.9","  77.0"," ","  64.0"," "," 0.10","G","999.9","010000"
"72205012815","2020-11-23","28.41822","-81.32413","27.1","ORLANDO INTERNATIONAL AIRPORT, FL US","  70.2","24","  63.0","24","1018.0","23","014.4","24"," 10.0","24","  8.6","24"," 15.0"," 21.0","  77.0"," ","  64.0"," "," 0.02","G","999.9","000000"
"72205012815","2020-11-24","28.41822","-81.32413","27.1","ORLANDO INTERNATIONAL AIRPORT, FL US","  67.1","24","  57.5","24","1021.3","24","017.7","24"," 10.0","24","  7.8","24"," 15.0","999.9","  80.1"," ","  57.9"," "," 0.00","G","999.9","000000"
"72205012815","2020-11-25","28.41822","-81.32413","27.1","ORLANDO INTERNATIONAL AIRPORT, FL US","  71.2","24","  60.3","24","1022.4","24","018.7","24"," 10.0","24","  6.0","24"," 15.0","999.9","  82.0"," ","  57.9"," "," 0.00","G","999.9","000000"
"72205012815","2020-11-26","28.41822","-81.32413","27.1","ORLANDO INTERNATIONAL AIRPORT, FL US","  71.2","24","  62.9","24","1020.9","24","017.2","24"," 10.0","24","  3.6","24"," 14.0","999.9","  82.0"," ","  60.1"," "," 0.00","G","999.9","100000"
"72205012815","2020-11-27","28.41822","-81.32413","27.1","ORLANDO INTERNATIONAL AIRPORT, FL US","  71.5","24","  64.3","24","1019.2","24","015.6","24"," 10.0","24","  2.1","24","  6.0","999.9","  82.0"," ","  60.1"," "," 0.00","G","999.9","100000"
"72205012815","2020-11-28","28.41822","-81.32413","27.1","ORLANDO INTERNATIONAL AIRPORT, FL US","  71.1","24","  64.2","24","1017.0","24","013.4","24"," 10.0","24","  3.8","24","  8.0","999.9","  82.0"," ","  62.1"," "," 0.00","G","999.9","000000"
"72205012815","2020-11-29","28.41822","-81.32413","27.1","ORLANDO INTERNATIONAL AIRPORT, FL US","  71.6","24","  64.0","24","1016.0","23","012.6","24","  9.5","24","  2.6","24","  7.0","999.9","  82.0"," ","  62.1"," "," 0.00","G","999.9","000000"
"72205012815","2020-11-30","28.41822","-81.32413","27.1","ORLANDO INTERNATIONAL AIRPORT, FL US","  68.8","24","  63.2","24","1012.3","22","008.6","24","  9.7","24"," 10.1","24"," 15.9"," 22.0","  81.0"," ","  61.0"," "," 0.00","G","999.9","010000"
"72205012815","2020-12-01","28.41822","-81.32413","27.1","ORLANDO INTERNATIONAL AIRPORT, FL US","  52.1","24","  37.6","24","1019.0","24","015.3","24"," 10.0","24"," 11.2","24"," 17.1"," 22.0","  73.0"," ","  44.1"," "," 0.08","G","999.9","000000"
"72205012815","2020-12-02","28.41822","-81.32413","27.1","ORLANDO INTERNATIONAL AIRPORT, FL US","  47.8","24","  30.1","24","1024.6","24","020.9","24"," 10.0","24","  7.1","24"," 14.0","999.9","  60.1"," ","  39.0"," "," 0.00","G","999.9","000000"
"72205012815","2020-12-03","28.41822","-81.32413","27.1","ORLANDO INTERNATIONAL AIRPORT, FL US","  55.4","24","  46.4","24","1024.1","24","020.4","24"," 10.0","24","  5.6","24"," 11.1","999.9","  73.0"," ","  39.0"," "," 0.00","G","999.9","000000"
"72205012815","2020-12-04","28.41822","-81.32413","27.1","ORLANDO INTERNATIONAL AIRPORT, FL US","  64.7","24","  57.2","24","1020.8","24","017.2","24"," 10.0","24","  4.3","24"," 12.0","999.9","  75.0","*","  59.0","*"," 0.00","G","999.9","000000"
"72205012815","2020-12-05","28.41822","-81.32413","27.1","ORLANDO INTERNATIONAL AIRPORT, FL US","  67.0","24","  58.0","24","1017.2","23","013.6","24"," 10.0","24","  5.5","24","  8.0","999.9","  75.0"," ","  57.9"," "," 0.00","G","999.9","000000"
"72205012815","2020-12-06","28.41822","-81.32413","27.1","ORLANDO INTERNATIONAL AIRPORT, FL US","  58.8","24","  46.6","24","1016.6","24","013.0","24"," 10.0","24","  3.8","24","  6.0","999.9","  73.9"," ","  48.9"," "," 0.00","G","999.9","000000"
"72205012815","2020-12-07","28.41822","-81.32413","27.1","ORLANDO INTERNATIONAL AIRPORT, FL US","  58.8","24","  53.9","24","1011.9","21","008.0","24","  9.7","24","  6.7","24"," 14.0"," 19.0","  72.0"," ","  48.9"," "," 0.24","G","999.9","010000"
"72205012815","2020-12-08","28.41822","-81.32413","27.1","ORLANDO INTERNATIONAL AIRPORT, FL US","  50.7","24","  38.3","24","1016.6","24","012.9","24"," 10.0","24","  9.4","24"," 15.0"," 19.0","  63.0"," ","  42.1"," "," 0.20","G","999.9","000000"
"72205012815","2020-12-09","28.41822","-81.32413","27.1","ORLANDO INTERNATIONAL AIRPORT, FL US","  49.2","24","  37.0","24","1021.6","24","017.9","24"," 10.0","24","  5.9","24","  9.9"," 15.0","  60.1"," ","  39.9"," "," 0.00","G","999.9","000000"
"72205012815","2020-12-10","28.41822","-81.32413","27.1","ORLANDO INTERNATIONAL AIRPORT, FL US","  53.3","24","  43.9","24","1021.4","24","017.6","24"," 10.0","24","  3.6","24","  8.9","999.9","  69.1"," ","  39.9"," "," 0.00","G","999.9","100000"
"72205012815","2020-12-11","28.41822","-81.32413","27.1","ORLANDO INTERNATIONAL AIRPORT, FL US","  57.1","24","  48.8","24","1021.6","24","017.9","24","  9.7","24","  2.4","24","  6.0","999.9","  71.1"," ","  42.1"," "," 0.00","G","999.9","100000"
"72205012815","2020-12-12","28.41822","-81.32413","27.1","ORLANDO INTERNATIONAL AIRPORT, FL US","  62.6","24","  58.1","24","1019.8","22","016.0","24","  9.6","24","  2.8","24","  8.9","999.9","  71.6","*","  55.9","*"," 0.00","G","999.9","010000"
"72205012815","2020-12-13","28.41822","-81.32413","27.1","ORLANDO INTERNATIONAL AIRPORT, FL US","  66.6","24","  61.8","24","1018.7","18","015.3","24","  7.0","24","  1.1","24","  6.0","999.9","  80.1"," ","  55.0"," "," 0.01","G","999.9","100000"
"72205012815","2020-12-14","28.41822","-81.32413","27.1","ORLANDO INTERNATIONAL AIRPORT, FL US","  69.0","24","  65.6","24","1016.1","24","012.6","24","  9.8","24","  7.1","24"," 13.0"," 18.1","  80.1"," ","  55.9"," "," 0.00","G","999.9","010000"
"72205012815","2020-12-15","28.41822","-81.32413","27.1","ORLANDO INTERNATIONAL AIRPORT, FL US","  66.2","24","  61.7","24","1015.4","19","011.9","24"," 10.0","24","  5.8","24"," 11.1","999.9","  79.0"," ","  59.0"," "," 0.00","G","999.9","000000"
"72205012815","2020-12-16","28.41822","-81.32413","27.1","ORLANDO INTERNATIONAL AIRPORT, FL US","  64.8","24","  60.9","24","1014.3","24","010.8","24","  8.7","24","  5.8","24"," 13.0"," 20.0","  77.0"," ","  57.9"," "," 0.00","G","999.9","010000"
"72205012815","2020-12-17","28.41822","-81.32413","27.1","ORLANDO INTERNATIONAL AIRPORT, FL US","  63.2","24","  59.1","24","1016.0","21","012.3","24","  9.6","24","  8.1","24"," 15.0"," 18.1","  77.0"," ","  57.0"," "," 0.19","G","999.9","010000"
"72205012815","2020-12-18","28.41822","-81.32413","27.1","ORLANDO INTERNATIONAL AIRPORT, FL US","  49.8","24","  39.3","24","1025.0","22","021.0","24"," 10.0","24","  8.8","24"," 12.0"," 18.1","  66.0"," ","  39.9"," "," 0.00","G","999.9","000000"
"72205012815","2020-12-19","28.41822","-81.32413","27.1","ORLANDO INTERNATIONAL AIRPORT, FL US","  56.2","24","  48.8","24","1024.7","24","020.9","24"," 10.0","24","  6.5","24","  8.9","999.9","  72.0"," ","  39.9"," "," 0.00","G","999.9","000000"
"72205012815","2020-12-20","28.41822","-81.32413","27.1","ORLANDO INTERNATIONAL AIRPORT, FL US","  62.3","24","  56.8","24","1018.0","24","014.3","24"," 10.0","24","  3.5","24","  8.9","999.9","  75.0"," ","  46.9"," "," 0.00","G","999.9","010000"
"72205012815","2020-12-21","28.41822","-81.32413","27.1","ORLANDO INTERNATIONAL AIRPORT, FL US","  66.1","24","  59.6","24","1016.6","18","012.5","24","  9.5","24","  9.6","24"," 17.1"," 22.9","  75.0"," ","  51.1"," "," 0.40","G","999.9","010010"
"72205012815","2020-12-22","28.41822","-81.32413","27.1","ORLANDO INTERNATIONAL AIRPORT, FL US","  58.2","24","  48.0","24","1022.8","24","019.0","24"," 10.0","24","  5.7","24"," 11.1","999.9","  71.1"," ","  48.9"," "," 0.00","G","999.9","000000"
"72205012815","2020-12-23","28.41822","-81.32413","27.1","ORLANDO INTERNATIONAL AIRPORT, FL US","  59.3","24","  49.2","24","1023.1","24","019.4","24"," 10.0","24","  4.4","24","  9.9","999.9","  75.0"," ","  48.0"," "," 0.00","G","999.9","000000"
"72205012815","2020-12-24","28.41822","-81.32413","27.1","ORLANDO INTERNATIONAL AIRPORT, FL US","  66.8","24","  60.9","24","1016.0","23","012.5","24"," 10.0","24","  7.8","24"," 17.1"," 24.1","  81.0"," ","  48.0"," "," 0.00","G","999.9","000000"
"72205012815","2020-12-25","28.41822","-81.32413","27.1","ORLANDO INTERNATIONAL AIRPORT, FL US","  50.2","24","  36.8","24","1019.5","20","014.9","24","  9.7","24"," 12.2","24"," 25.1"," 33.0","  73.9","*","  39.0","*"," 0.20","G","999.9","010000"
"72205012815","2020-12-26","28.41822","-81.32413","27.1","ORLANDO INTERNATIONAL AIRPORT, FL US","  43.7","24","  27.3","24","1022.9","24","019.1","24"," 10.0","24","  7.0","24","  9.9","999.9","  53.1"," ","  35.1"," "," 0.08","G","999.9","000000"
"72205012815","2020-12-27","28.41822","-81.32413","27.1","ORLANDO INTERNATIONAL AIRPORT, FL US","  49.2","24","  36.8","24","1022.5","24","018.8","24"," 10.0","24","  7.2","24"," 12.0"," 17.1","  70.0"," ","  35.1"," "," 0.00","G","999.9","000000"
"72205012815","2020-12-28","28.41822","-81.32413","27.1","ORLANDO INTERNATIONAL AIRPORT, FL US","  59.9","24","  50.9","24","1023.9","24","020.2","24"," 10.0","24","  6.6","24"," 12.0","999.9","  75.9"," ","  37.0"," "," 0.00","G","999.9","000000"
"72205012815","2020-12-29","28.41822","-81.32413","27.1","ORLANDO INTERNATIONAL AIRPORT, FL US","  61.8","24","  54.1","24","1025.7","24","022.0","24"," 10.0","24","  6.9","24"," 13.0","999.9","  75.9"," ","  50.0"," "," 0.00","G","999.9","000000"
"72205012815","2020-12-30","28.41822","-81.32413","27.1","ORLANDO INTERNATIONAL AIRPORT, FL US","  64.6","24","  56.6","24","1023.6","24","019.9","24"," 10.0","24","  6.8","24"," 15.0"," 22.0","  77.0"," ","  53.1"," "," 0.00","G","999.9","000000"
"72205012815","2020-12-31","28.41822","-81.32413","27.1","ORLANDO INTERNATIONAL AIRPORT, FL US","  71.9","24","  62.5","24","1019.6","24","016.0","24"," 10.0","24","  8.7","24"," 17.1"," 22.0","  82.9"," ","  55.9"," "," 0.00","G","999.9","000000"
